ダウンロードした時刻：2023/06/18 23:53:36,,,,,,,,,,,,,,,,,,,,,,,,
,,,,,,,,,,,,,,,,,,,,,,,,
,朝日,朝日,朝日,魚津,魚津,魚津,富山,富山,富山,伏木,伏木,伏木,氷見,氷見,氷見,八尾,八尾,八尾,砺波,砺波,砺波,南砺高宮,南砺高宮,南砺高宮
年月,平均気温(℃),平均気温(℃),平均気温(℃),平均気温(℃),平均気温(℃),平均気温(℃),平均気温(℃),平均気温(℃),平均気温(℃),平均気温(℃),平均気温(℃),平均気温(℃),平均気温(℃),平均気温(℃),平均気温(℃),平均気温(℃),平均気温(℃),平均気温(℃),平均気温(℃),平均気温(℃),平均気温(℃),平均気温(℃),平均気温(℃),平均気温(℃)
,,品質情報,均質番号,,品質情報,均質番号,,品質情報,均質番号,,品質情報,均質番号,,品質情報,均質番号,,品質情報,均質番号,,品質情報,均質番号,,品質情報,均質番号
Jan-80,3,8,1,2.1,8,1,2.2,8,1,2.6,8,1,1.8,8,1,1.2,8,1,1.5,8,1,1.4,8,1
Feb-80,1.4,8,1,0.8,8,1,1,8,1,1.2,8,1,0.4,8,1,0.1,8,1,0.3,8,1,0.3,8,1
Mar-80,5.2,8,1,4.3,8,1,5,8,1,5.3,8,1,4,8,1,3.7,8,1,4.1,8,1,3.7,8,1
Apr-80,10.4,8,1,10.3,8,1,10.5,8,1,10.3,8,1,9.1,8,1,10,8,1,9.8,8,1,9.8,8,1
May-80,16.6,8,1,16.6,8,1,17.1,8,1,16.4,8,1,15.4,8,1,16.6,8,1,16.5,8,1,16.8,8,1
Jun-80,21.3,8,1,21.1,8,1,21.8,8,1,21.4,8,1,20.4,8,1,21,8,1,20.8,8,1,21,8,1
Jul-80,22.2,8,1,22,8,1,22.5,8,1,22.3,8,1,21.6,8,1,21.9,8,1,21.8,8,1,21.8,8,1
Aug-80,23.6,8,1,23.2,8,1,23.8,8,1,24,8,1,22.9,8,1,22.9,8,1,23,8,1,22.8,8,1
Sep-80,20.8,8,1,20,8,1,20.5,8,1,20.9,8,1,19.8,8,1,19.6,8,1,20,8,1,19.8,8,1
Oct-80,15.5,8,1,14.3,5,1,15,8,1,15.1,8,1,14.2,8,1,14.1,8,1,14.5,8,1,14.4,8,1
Nov-80,11.3,8,1,10.4,8,1,10.6,8,1,11.2,8,1,9.4,8,1,9.4,8,1,10.1,8,1,9.8,8,1
Dec-80,4.6,8,1,4.1,8,1,4.1,8,1,4.2,8,1,3.5,8,1,3.3,8,1,3.5,8,1,3.5,8,1
Jan-81,0.6,8,1,0,8,1,0,8,1,0.1,8,1,-0.6,5,1,-0.9,8,1,-0.6,8,1,-0.6,8,1
Feb-81,1.9,8,1,1.1,8,1,1.1,8,1,1.5,8,1,0.4,8,1,-0.1,8,1,0.3,8,1,0.2,8,1
Mar-81,5.2,8,1,4.3,8,1,5.2,8,1,5.8,8,1,4.4,8,1,3.5,8,1,3.7,8,1,3.5,8,1
Apr-81,11,8,1,10.6,8,1,11.2,8,1,11.1,8,1,9.7,8,1,10.3,8,1,10.4,8,1,10.1,8,1
May-81,15.3,8,1,14.8,8,1,15.5,8,1,14.9,8,1,13.6,8,1,15.2,8,1,14.9,8,1,14.8,8,1
Jun-81,19.7,8,1,19.5,8,1,20.2,8,1,19.8,8,1,19,8,1,19.8,8,1,19.8,8,1,19.6,8,1
Jul-81,25.6,8,1,25.2,8,1,25.8,8,1,26.1,8,1,24.5,8,1,25.6,5,1,25.4,8,1,24.9,8,1
Aug-81,25,8,1,24.4,8,1,25.3,8,1,25.8,8,1,23.9,8,1,24.9,8,1,24.6,8,1,23.9,8,1
Sep-81,20.5,8,1,19.6,8,1,20.3,8,1,21.2,8,1,19.3,5,1,19.7,8,1,20,8,1,19.3,8,1
Oct-81,15.3,8,1,14.4,8,1,14.9,8,1,15.4,8,1,14.1,8,1,14.1,8,1,14.8,8,1,14.1,8,1
Nov-81,8.7,8,1,8,8,1,8.2,8,1,9.3,8,1,8,8,1,7.5,8,1,8.3,8,1,7.7,8,1
Dec-81,5.6,8,1,4.9,8,1,4.8,8,1,5.6,8,1,4.4,8,1,3.9,8,1,4.6,8,1,4,8,1
Jan-82,2.7,8,1,2.1,8,1,2.3,8,1,2.4,8,1,1.7,8,1,1.6,8,1,1.7,8,1,1.4,8,1
Feb-82,2.6,8,1,1.8,8,1,2.3,8,1,2.5,8,1,1.5,8,1,1.3,8,1,1.2,8,1,0.6,8,1
Mar-82,6.7,8,1,6.2,8,1,6.8,8,1,6.9,8,1,5.7,8,1,6.1,8,1,6.2,8,1,5.6,8,1
Apr-82,11.1,8,1,11,8,1,11.3,8,1,10.9,8,1,9.9,8,1,10.9,5,1,11,8,1,10.5,8,1
May-82,17.9,8,1,17.6,8,1,18.3,8,1,18.1,8,1,16.8,8,1,17.9,8,1,17.9,8,1,17.7,8,1
Jun-82,19.8,8,1,19.1,8,1,19.8,8,1,19.9,8,1,19.1,8,1,19.4,8,1,19.6,8,1,19,8,1
Jul-82,23.5,8,1,22.9,8,1,23.6,8,1,23.7,8,1,22.9,8,1,22.9,5,1,23.2,8,1,22.5,8,1
Aug-82,25.3,8,1,24.6,8,1,25.3,8,1,25.7,8,1,24.9,8,1,24.8,8,1,24.9,8,1,24.3,8,1
Sep-82,21.1,8,1,19.9,8,1,20.5,8,1,21.1,8,1,20.3,8,1,19.8,8,1,20.2,8,1,19.5,8,1
Oct-82,16.7,8,1,15.3,8,1,15.9,8,1,16.5,8,1,15.4,8,1,15.1,8,1,15.8,8,1,14.9,8,1
Nov-82,12.1,8,1,11.3,8,1,11.6,8,1,12,8,1,11.2,8,1,11,8,1,11.5,8,1,10.9,8,1
Dec-82,7,8,1,6.2,8,1,6.5,8,1,6.6,8,1,6,8,1,6,8,1,6.2,8,1,5.8,8,1
Jan-83,3.5,8,1,2.8,8,1,2.8,8,1,3.1,8,1,2.7,8,1,2,5,1,2.4,8,1,2,8,1
Feb-83,2,8,1,1.2,8,1,1.3,8,1,1.8,8,1,1.4,8,1,0.7,8,1,0.9,8,1,0.6,8,1
Mar-83,5.8,8,1,5,8,1,5.6,8,1,5.9,8,1,5.2,8,1,4.6,8,1,4.9,8,1,4.1,8,1
Apr-83,13.9,8,1,13.5,8,1,14.2,8,1,13.7,8,1,12.6,8,1,14,8,1,13.5,8,1,13.6,8,1
May-83,17,8,1,16.4,8,1,17.3,8,1,16.7,8,1,15.8,8,1,16.7,8,1,16.9,8,1,16.8,8,1
Jun-83,19.4,8,1,18.9,8,1,19.8,8,1,19.4,8,1,18.7,8,1,19.4,8,1,19.3,8,1,19.1,8,1
Jul-83,23.4,8,1,22.7,8,1,23.4,8,1,23.4,8,1,22.8,8,1,22.9,8,1,23,8,1,23,8,1
Aug-83,26.5,8,1,25.8,8,1,26.5,8,1,26.6,8,1,26.1,8,1,25.9,8,1,25.9,8,1,25.7,8,1
Sep-83,22.8,8,1,21.8,8,1,22.4,8,1,22.8,8,1,22.1,8,1,21.7,8,1,22,8,1,21.7,8,1
Oct-83,15.7,8,1,14.7,8,1,15,8,1,15.3,8,1,14.3,8,1,14.1,8,1,14.7,8,1,14.3,8,1
Nov-83,10,8,1,9.1,8,1,9.2,8,1,9.6,8,1,8.7,8,1,8.3,8,1,9,8,1,8.6,8,1
Dec-83,4.3,8,1,3.6,8,1,3.7,8,1,3.7,8,1,3.2,8,1,2.9,8,1,3,8,1,2.8,8,1
Jan-84,1,8,1,0.1,8,1,0.4,8,1,0.5,8,1,-0.1,8,1,-0.3,8,1,-0.3,8,1,-0.4,8,1
Feb-84,0.1,8,1,-0.9,8,1,-0.6,8,1,-0.1,8,1,-0.6,8,1,-1.4,8,1,-1,8,1,-1.3,8,1
Mar-84,2.9,8,1,2,8,1,2.4,8,1,2.8,8,1,2.3,8,1,1.5,8,1,1.8,8,1,1.6,8,1
Apr-84,9.7,8,1,9.2,8,1,10,8,1,9.6,8,1,9,8,1,8.9,8,1,9.5,8,1,8.9,8,1
May-84,15.5,8,1,15.2,8,1,15.7,8,1,15.5,8,1,14.9,8,1,15.5,8,1,15.5,8,1,15.4,8,1
Jun-84,21.3,8,1,21.1,8,1,21.7,8,1,21.2,8,1,20.6,8,1,21.6,8,1,21.5,8,1,21.4,8,1
Jul-84,25.2,8,1,24.6,8,1,25.4,8,1,25.3,8,1,24.6,8,1,24.8,8,1,24.8,8,1,24.7,8,1
Aug-84,27.1,8,1,26.4,8,1,27.5,8,1,27.7,8,1,26.7,8,1,26.7,8,1,26.6,8,1,26.2,8,1
Sep-84,21.8,8,1,20.8,8,1,21.7,8,1,21.9,8,1,20.8,8,1,20.7,8,1,20.9,8,1,20.7,8,1
Oct-84,15.8,8,1,14.7,8,1,15.1,8,1,15.4,8,1,14.5,8,1,14.1,8,1,14.7,8,1,14.4,8,1
Nov-84,11,8,1,9.8,8,1,10.5,8,1,10.9,8,1,9.5,8,1,9.3,8,1,9.8,8,1,9.5,8,1
Dec-84,5.3,8,1,4.6,8,1,4.8,8,1,4.9,8,1,4.4,8,1,4,8,1,4.2,8,1,4,8,1
Jan-85,0.8,8,1,0.1,8,1,0.2,8,1,0.4,8,1,0,8,1,-0.5,8,1,-0.4,8,1,-0.6,8,1
Feb-85,2.8,8,1,2.1,8,1,2.1,8,1,2.8,8,1,2.6,8,1,1.5,8,1,1.9,8,1,1.8,8,1
Mar-85,5.3,8,1,4.6,8,1,5.2,8,1,5.8,8,1,5.4,8,1,4.2,8,1,4.7,8,1,4.2,8,1
Apr-85,11.8,8,1,11.7,8,1,12.1,8,1,11.7,8,1,11,8,1,11.8,8,1,11.7,8,1,11.6,8,1
May-85,17.2,8,1,17,8,1,17.4,8,1,17.1,8,1,16.3,8,1,17,8,1,17.1,8,1,17.2,8,1
Jun-85,19.6,8,1,19.5,5,1,19.8,8,1,19.8,8,1,19.1,8,1,19.4,8,1,19.5,8,1,19.4,8,1
Jul-85,24.2,8,1,24.1,8,1,24.3,8,1,24.2,8,1,23.6,8,1,24,5,1,23.6,4,1,24.1,8,1
Aug-85,28.3,8,1,27.8,8,1,28.7,8,1,28.8,8,1,27.5,8,1,27.8,5,1,27.5,8,1,27.2,8,1
Sep-85,22.2,8,1,21.6,8,1,21.9,8,1,22.3,8,1,21.6,8,1,21.4,8,1,21.4,8,1,21.3,8,1
Oct-85,16.3,8,1,15.6,8,1,15.8,8,1,16,8,1,15,8,1,15.1,8,1,15.2,8,1,15.1,8,1
Nov-85,10.7,8,1,10.1,8,1,10.3,8,1,10.2,8,1,9.6,8,1,9.5,8,1,9.7,8,1,9.7,8,1
Dec-85,4.4,8,1,3.8,8,1,3.7,8,1,3.8,8,1,2.8,5,1,3,8,1,3.1,8,1,3.1,8,1
Jan-86,1,8,1,0.5,8,1,0.6,8,1,0.5,8,1,0.1,8,1,-0.1,8,1,-0.3,5,1,-0.1,8,1
Feb-86,0.8,8,1,0.2,8,1,0.3,8,1,0.4,8,1,0,8,1,-0.4,8,1,-0.5,8,1,-0.5,8,1
Mar-86,5.4,8,1,4.7,8,1,5.2,8,1,5.3,8,1,4.4,8,1,4.1,8,1,4.3,8,1,3.9,8,1
Apr-86,11.4,8,1,11.3,8,1,11.6,8,1,11.5,8,1,10.6,8,1,11.5,8,1,11.2,8,1,11.2,8,1
May-86,15.8,8,1,15.6,8,1,15.9,8,1,15.7,8,1,14.8,8,1,15.6,8,1,15.5,8,1,15.8,8,1
Jun-86,19.4,8,1,19.3,8,1,19.7,8,1,19.6,8,1,18.9,8,1,19.7,8,1,19.5,8,1,19.7,8,1
Jul-86,22.1,8,1,21.9,8,1,22.2,8,1,22.3,8,1,21.8,8,1,22.1,8,1,21.9,8,1,22,8,1
Aug-86,25.9,8,1,25.5,8,1,26.2,8,1,26.6,8,1,25.4,8,1,25.7,8,1,25.5,8,1,25.2,8,1
Sep-86,22.2,8,1,21.4,8,1,21.8,8,1,22.3,8,1,21.4,8,1,21.1,8,1,21.2,8,1,21,8,1
Oct-86,15.2,8,1,14.3,8,1,14.5,8,1,14.9,8,1,14.1,8,1,13.6,8,1,14.2,8,1,13.8,8,1
Nov-86,10.4,8,1,9.6,8,1,9.3,8,1,9.9,8,1,8.9,8,1,8.4,8,1,9,8,1,8.8,8,1
Dec-86,7.1,8,1,6.3,8,1,6.3,8,1,6.7,8,1,6,8,1,5.6,8,1,6,8,1,5.9,8,1
Jan-87,3.5,8,1,2.9,8,1,2.9,8,1,3,8,1,2.7,8,1,2.2,8,1,2.3,5,1,2.3,8,1
Feb-87,4.1,8,1,3.5,8,1,3.5,8,1,3.8,8,1,3.3,8,1,2.6,8,1,3.1,8,1,2.9,8,1
Mar-87,5.9,8,1,5.6,8,1,5.6,8,1,5.9,8,1,5.2,8,1,5,8,1,5.2,8,1,5.3,8,1
Apr-87,11.4,8,1,11.2,8,1,11.7,8,1,11.4,8,1,10.4,8,1,11.3,8,1,11.1,8,1,11.1,8,1
May-87,16.6,8,1,16.5,8,1,16.9,8,1,16.3,8,1,15.4,8,1,16.6,8,1,16.4,8,1,16.5,8,1
Jun-87,20.9,8,1,20.7,8,1,21.2,8,1,21,8,1,20.1,8,1,20.9,8,1,20.7,8,1,20.7,8,1
Jul-87,25.1,8,1,25,8,1,25.4,8,1,25.2,8,1,24.6,8,1,25,8,1,24.8,8,1,24.8,8,1
Aug-87,25.6,8,1,25.3,8,1,25.7,8,1,25.9,8,1,25.1,8,1,25.2,8,1,25,8,1,24.8,8,1
Sep-87,22.3,8,1,21.8,8,1,22,8,1,22.3,8,1,21.5,8,1,21.3,8,1,21.3,8,1,20.9,8,1
Oct-87,17.3,8,1,16.4,8,1,16.8,8,1,17.1,8,1,16.3,8,1,16,8,1,16.2,8,1,16.2,5,1
Nov-87,11.2,8,1,10.5,8,1,10.8,8,1,11,8,1,10.1,8,1,9.8,8,1,10.1,8,1,9.8,8,1
Dec-87,7.1,8,1,6.4,8,1,6.4,8,1,6.5,8,1,5.9,8,1,5.3,8,1,5.9,8,1,5.4,8,1
Jan-88,4.4,8,1,3.9,8,1,3.7,8,1,3.9,8,1,3.6,8,1,3,8,1,3.2,8,1,3.1,8,1
Feb-88,1.7,8,1,1.2,5,1,1.4,8,1,1.5,8,1,0.9,8,1,0.5,8,1,0.5,8,1,0.4,8,1
Mar-88,5.3,8,1,4.6,8,1,5,8,1,5.2,8,1,4.8,8,1,4,8,1,4.4,8,1,4,8,1
Apr-88,11.1,8,1,10.9,8,1,11.2,8,1,11,8,1,10.1,8,1,10.5,8,1,10.5,8,1,10.4,8,1
May-88,15.4,8,1,15.5,8,1,15.6,8,1,15.3,8,1,14.8,8,1,15.3,8,1,15.4,8,1,15.4,8,1
Jun-88,19.7,8,1,19.9,8,1,20.2,8,1,19.8,8,1,19.5,8,1,20,8,1,19.8,8,1,19.8,8,1
Jul-88,22.4,8,1,22.3,8,1,22.6,8,1,22.6,8,1,22.2,8,1,22.1,8,1,22.1,8,1,22,8,1
Aug-88,25.9,8,1,25.5,8,1,25.9,8,1,26.2,8,1,25.7,8,1,25.2,8,1,25.3,8,1,24.8,8,1
Sep-88,22.1,8,1,21.5,8,1,21.8,8,1,22.3,8,1,21.8,8,1,21.1,8,1,21.4,8,1,21,8,1
Oct-88,15.4,8,1,14.7,8,1,14.8,8,1,15.1,8,1,14.1,8,1,13.9,8,1,14.4,8,1,13.9,8,1
Nov-88,8.6,8,1,8.1,8,1,8,8,1,8.1,8,1,7.5,8,1,7.1,8,1,7.6,8,1,7.5,8,1
Dec-88,5.5,8,1,5,8,1,4.8,8,1,4.8,8,1,4.1,8,1,3.7,8,1,4.4,8,1,4.1,8,1
Jan-89,5.3,8,1,4.7,8,1,4.9,8,1,5.2,8,1,4.8,8,1,4.1,8,1,4.4,8,1,4.1,8,1
Feb-89,4.6,8,1,4.2,8,1,4.6,8,1,4.7,8,1,4.1,8,1,3.8,8,1,3.9,8,1,3.5,8,1
Mar-89,7,8,1,6.6,8,1,7,8,1,7,8,1,6.3,8,1,6.2,8,1,6.2,8,1,6.1,8,1
Apr-89,12,8,1,12,8,1,12.3,8,1,11.9,8,1,11,8,1,11.9,8,1,11.5,8,1,11.6,8,1
May-89,16.4,8,1,16.2,8,1,16.7,8,1,16.4,8,1,15.8,8,1,16.1,8,1,16.1,8,1,16,8,1
Jun-89,19.5,8,1,19.4,8,1,19.9,8,1,19.5,8,1,18.7,8,1,19.5,8,1,19.2,8,1,19.2,8,1
Jul-89,23.7,8,1,23.6,8,1,24,8,1,23.9,8,1,23.3,8,1,23.4,8,1,23.5,8,1,23.1,8,1
Aug-89,25.2,8,1,24.8,8,1,25.4,8,1,25.7,8,1,25,8,1,24.7,8,1,24.7,8,1,24.2,8,1
Sep-89,22,8,1,21.5,8,1,21.8,8,1,21.9,8,1,21.4,8,1,21.3,8,1,21.2,8,1,21,8,1
Oct-89,15.9,8,1,15.1,8,1,15.1,8,1,15.4,8,1,14.4,8,1,14.1,8,1,14.6,8,1,14.1,8,1
Nov-89,12.1,8,1,11.4,8,1,11.6,8,1,11.8,8,1,10.8,8,1,10.7,8,1,11,8,1,10.7,8,1
Dec-89,6.3,8,1,5.7,8,1,5.6,8,1,5.8,8,1,5.1,8,1,4.7,8,1,5.1,8,1,4.8,8,1
Jan-90,2.4,8,1,1.9,8,1,2.1,8,1,2.2,8,1,1.9,8,1,1.3,8,1,1.4,8,1,1.2,8,1
Feb-90,5.6,8,1,5,8,1,5.7,8,1,5.9,8,1,5.2,8,1,4.9,8,1,4.7,8,1,4.5,8,1
Mar-90,7.5,8,1,7,8,1,7.3,8,1,7.3,8,1,6.5,8,1,6.6,8,1,6.7,8,1,6.5,8,1
Apr-90,12.1,8,1,12,8,1,12.3,8,1,12,8,1,11.4,8,1,11.8,8,1,11.8,8,1,11.7,8,1
May-90,16.6,8,1,16.5,8,1,16.9,8,1,16.5,8,1,15.8,8,1,16.3,8,1,16.5,8,1,16.3,8,1
Jun-90,21.6,8,1,21.6,8,1,22.3,8,1,21.9,8,1,21.1,8,1,22,8,1,21.8,8,1,21.8,8,1
Jul-90,25.3,8,1,25.2,8,1,25.7,8,1,25.4,8,1,24.7,5,1,25.3,8,1,25,8,1,24.8,8,1
Aug-90,26.6,8,1,26.4,8,1,26.9,8,1,27.1,8,1,26,8,1,26.4,8,1,26.3,8,1,25.8,8,1
Sep-90,23.2,8,1,22.6,8,1,22.9,8,1,23.3,8,1,22.6,8,1,22.3,8,1,22.4,8,1,22,8,1
Oct-90,17.1,8,1,16.3,8,1,16.4,8,1,16.8,8,1,15.9,8,1,15.6,8,1,16,8,1,15.4,8,1
Nov-90,13.4,8,1,12.6,8,1,12.6,8,1,13,8,1,12.1,8,1,11.8,8,1,12.2,8,1,11.9,8,1
Dec-90,7.6,8,1,6.9,8,1,7.1,8,1,7.1,8,1,6.4,8,1,6.2,8,1,6.5,8,1,6.2,8,1
Jan-91,2.9,8,1,2.2,8,1,2.2,8,1,2.5,8,1,2.1,8,1,1.8,8,1,1.7,8,1,1.7,8,1
Feb-91,2.4,8,1,2,8,1,2.1,8,1,2.3,8,1,1.8,8,1,1.5,8,1,1.8,8,1,1.2,8,1
Mar-91,6.4,8,1,5.8,8,1,6.3,8,1,6.4,8,1,5.7,8,1,5.2,5,1,5.8,8,1,5.1,8,1
Apr-91,12.1,8,1,12.1,8,1,12.3,8,1,11.8,8,1,11,8,1,12.1,8,1,11.6,5,1,11.5,8,1
May-91,16.2,8,1,16.2,8,1,16.5,8,1,16,8,1,15.4,8,1,16.2,8,1,16.2,8,1,16.3,8,1
Jun-91,21.8,8,1,21.7,8,1,22.1,8,1,21.8,8,1,21.3,8,1,22,8,1,21.8,8,1,21.8,8,1
Jul-91,24.4,8,1,24.2,8,1,24.8,8,1,24.3,8,1,23.8,8,1,24.5,8,1,24.1,8,1,24,8,1
Aug-91,24.7,8,1,24.3,8,1,24.6,8,1,24.7,8,1,24.2,8,1,24.1,8,1,24.1,8,1,23.7,8,1
Sep-91,22.7,8,1,22.1,8,1,22.5,8,1,22.7,8,1,22,5,1,21.8,8,1,21.9,8,1,21.6,5,1
Oct-91,17.3,5,1,16.2,8,1,16.6,8,1,16.6,8,1,15.9,8,1,15.7,8,1,15.9,8,1,15.6,8,1
Nov-91,10.7,8,1,10.1,8,1,10.3,8,1,10.4,8,1,9.6,8,1,9.5,8,1,9.7,8,1,9.4,8,1
Dec-91,7.7,8,1,6.8,8,1,6.9,8,1,7.4,8,1,6.4,8,1,6.3,8,1,6.6,8,1,6.3,8,1
Jan-92,4.6,8,1,4,8,1,4,8,1,4.2,8,1,3.7,8,1,3,8,1,3.6,8,1,3.3,8,1
Feb-92,3.6,8,1,3.2,8,1,3.4,8,1,3.3,8,1,2.8,8,1,2.2,8,1,2.5,8,1,2.2,8,1
Mar-92,6.9,8,1,6.3,8,1,6.6,8,1,7,8,1,6.3,8,1,5.7,8,1,6.2,8,1,5.7,8,1
Apr-92,12.3,8,1,12.1,8,1,12.3,8,1,12,8,1,11.2,8,1,11.7,8,1,11.5,8,1,11.4,8,1
May-92,15.1,8,1,14.9,8,1,15.1,8,1,14.8,8,1,14.2,8,1,14.6,8,1,14.8,8,1,14.7,8,1
Jun-92,19.6,8,1,19.4,8,1,19.9,8,1,19.6,8,1,18.8,8,1,19.4,8,1,19.5,8,1,19.3,8,1
Jul-92,24.2,8,1,23.8,8,1,24.6,8,1,24.3,8,1,23.8,8,1,23.9,8,1,23.7,8,1,23.5,8,1
Aug-92,25.8,8,1,25.4,8,1,26.1,8,1,25.8,8,1,25.1,8,1,25.7,8,1,25.4,8,1,24.8,8,1
Sep-92,21.9,8,1,21.1,8,1,21.9,8,1,22,8,1,20.8,8,1,21,8,1,21.1,8,1,20.7,8,1
Oct-92,16.4,8,1,15.7,4,1,16.2,8,1,16.4,8,1,15.9,5,1,15.3,8,1,15.5,8,1,15,8,1
Nov-92,11.5,8,1,10.9,8,1,11.1,8,1,11.1,8,1,10.1,8,1,10.1,8,1,10.3,8,1,10,8,1
Dec-92,6.4,8,1,6.1,8,1,6.1,8,1,6.1,8,1,5.4,8,1,5.1,8,1,5.3,8,1,5.2,8,1
Jan-93,4.3,8,1,3.8,8,1,3.8,8,1,3.8,8,1,3.4,8,1,3.2,8,1,3.2,8,1,3,8,1
Feb-93,4.6,8,1,4.4,8,1,4.3,8,1,4.4,8,1,4.1,8,1,3.3,8,1,3.7,8,1,3.6,8,1
Mar-93,5.9,8,1,5.5,8,1,5.6,8,1,5.6,8,1,4.8,8,1,4.7,8,1,4.9,8,1,4.4,8,1
Apr-93,10.7,8,1,10.6,8,1,10.7,8,1,10.5,8,1,9.7,8,1,10,8,1,9.9,8,1,9.9,8,1
May-93,15.3,8,1,15.4,8,1,15.7,8,1,15.1,8,1,14.5,8,1,15.5,8,1,15.3,8,1,15.4,8,1
Jun-93,19.2,8,1,19.4,8,1,19.7,8,1,19.1,8,1,18.9,8,1,19.6,8,1,19.4,8,1,19.3,8,1
Jul-93,22.8,8,1,22.7,8,1,23.2,8,1,22.8,8,1,22.3,8,1,22.9,8,1,22.7,8,1,22.4,8,1
Aug-93,23.1,8,1,22.9,8,1,23.3,8,1,23,8,1,22.7,8,1,22.9,8,1,22.7,8,1,22.3,8,1
Sep-93,20.6,8,1,20,8,1,20.4,8,1,20.3,8,1,19.5,8,1,19.7,8,1,19.8,8,1,19.4,8,1
Oct-93,15.4,8,1,14.8,8,1,15.2,8,1,15.2,8,1,14.2,8,1,14.2,8,1,14.5,8,1,14.4,5,1
Nov-93,12.3,8,1,11.6,8,1,11.7,8,1,12,8,1,11.4,8,1,10.7,8,1,11.4,8,1,10.9,8,1
Dec-93,6.2,8,1,5.7,8,1,5.6,8,1,5.5,8,1,4.9,8,1,4.4,8,1,4.8,8,1,4.4,5,1
Jan-94,3.5,8,1,3,8,1,2.9,8,1,3.1,8,1,2.5,8,1,2,8,1,2.3,8,1,2,8,1
Feb-94,2.9,8,1,2.2,8,1,2.1,8,1,2.2,8,1,1.5,8,1,1.2,8,1,1.3,8,1,1.1,8,1
Mar-94,4.9,8,1,4.4,8,1,4.7,8,1,4.8,8,1,4,8,1,3.6,8,1,3.9,8,1,3.3,8,1
Apr-94,12.3,8,1,12.4,8,1,12.7,8,1,12.2,8,1,11.2,8,1,12.2,8,1,12.1,8,1,11.8,8,1
May-94,17.4,8,1,17.5,8,1,17.9,8,1,17.1,8,1,16.2,8,1,17.5,8,1,17.4,8,1,17.4,8,1
Jun-94,20.4,8,1,20.2,8,1,20.7,8,1,20.3,8,1,19.7,8,1,20.3,8,1,20.3,8,1,20,8,1
Jul-94,26.3,8,1,26.3,8,1,26.9,8,1,26.4,8,1,25.6,8,1,26.3,8,1,26,8,1,25.8,8,1
Aug-94,28.4,8,1,27.8,8,1,29.1,8,1,28.5,8,1,27.5,8,1,28.2,8,1,27.4,8,1,26.8,8,1
Sep-94,23.4,8,1,22.7,8,1,23.3,8,1,23,8,1,22.3,8,1,23.1,8,1,22.4,8,1,21.9,8,1
Oct-94,18.4,8,1,17.7,8,1,18,8,1,18.2,8,1,17.2,8,1,17.7,8,1,17.3,8,1,16.7,8,1
Nov-94,12.3,5,1,11.5,8,1,11.7,8,1,11.9,8,1,10.7,8,1,11.4,8,1,11,5,1,10.5,8,1
Dec-94,6.9,8,1,6.2,8,1,6,8,1,6.4,8,1,5.9,8,1,5.8,8,1,5.6,8,1,5.2,8,1
Jan-95,2.6,8,1,2.1,8,1,1.7,8,1,1.7,8,1,1.2,8,1,1.7,8,1,1.2,8,1,1,8,1
Feb-95,3,8,1,2.5,8,1,2.7,8,1,2.8,8,1,2,8,1,2.5,8,1,1.6,8,1,1.2,8,1
Mar-95,6.6,8,1,6.3,8,1,6.7,8,1,6.6,8,1,5.8,8,1,6.5,8,1,5.9,8,1,5.4,8,1
Apr-95,12.1,8,1,12,8,1,12.1,8,1,11.7,8,1,10.9,8,1,12.5,8,1,11.6,8,1,11.4,8,1
May-95,16.8,8,1,16.3,8,1,16.6,8,1,16.1,8,1,15.5,8,1,17,8,1,16,8,1,16,8,1
Jun-95,19.5,8,1,18.9,8,1,19.3,8,1,18.9,8,1,18.5,8,1,19.7,8,1,18.7,8,1,18.5,8,1
Jul-95,25.1,8,1,24.4,8,1,25,8,1,24.6,8,1,24.2,8,1,25.3,8,1,24.2,8,1,24.1,8,1
Aug-95,27.8,8,1,26.8,8,1,27.7,8,1,27.5,8,1,26.6,8,1,27.3,8,1,26.4,8,1,26,8,1
Sep-95,21.6,8,1,20.4,8,1,21,8,1,21.1,8,1,20.4,8,1,20.8,8,1,20.2,8,1,19.8,8,1
Oct-95,18.2,5,1,17,8,1,17.4,8,1,17.4,8,1,16.3,8,1,17.2,8,1,16.6,5,1,16.1,8,1
Nov-95,9.8,8,1,8.6,8,1,8.9,8,1,8.8,8,1,7.7,8,1,8.5,8,1,8.3,8,1,7.8,8,1
Dec-95,5.1,8,1,3.9,8,1,4,8,1,3.8,8,1,3.3,8,1,3.8,8,1,3.5,8,1,3.1,8,1
Jan-96,3.5,8,1,2.5,8,1,2.6,8,1,2.5,8,1,2.1,8,1,2.5,8,1,2,8,1,1.7,8,1
Feb-96,3.1,8,1,1.9,8,1,1.9,8,1,2.1,8,1,1.8,5,1,1.7,8,1,1.3,8,1,0.8,8,1
Mar-96,6.3,8,1,5.1,8,1,5.7,8,1,5.6,8,1,4.8,8,1,5.5,8,1,5,8,1,4.5,8,1
Apr-96,10.5,8,1,9.8,8,1,10.1,8,1,9.7,8,1,8.9,8,1,10,8,1,9.5,8,1,9.1,8,1
May-96,16.4,8,1,15.9,8,1,16.3,8,1,15.7,8,1,15,8,1,16.5,8,1,15.9,8,1,15.7,8,1
Jun-96,21,8,1,20.6,8,1,21,8,1,20.5,8,1,19.9,8,1,21.5,8,1,20.5,8,1,20.6,8,1
Jul-96,25.2,8,1,24.4,8,1,25.1,8,1,24.7,8,1,24.1,8,1,25.2,8,1,24.3,8,1,24.1,8,1
Aug-96,26.4,8,1,25.3,8,1,26,8,1,26.1,8,1,25.2,8,1,25.9,8,1,25.2,8,1,24.7,8,1
Sep-96,21.7,8,1,20.4,8,1,21,8,1,21.1,8,1,20.1,8,1,20.7,8,1,20.4,8,1,19.6,8,1
Oct-96,16.9,8,1,15.5,8,1,16.1,8,1,16.1,8,1,14.9,8,1,15.6,8,1,15.3,8,1,14.5,8,1
Nov-96,11.3,8,1,10.2,8,1,10.4,8,1,10.5,8,1,9.7,8,1,10.5,5,1,9.9,8,1,9.4,8,1
Dec-96,7.2,8,1,6.3,8,1,6.1,8,1,5.9,8,1,5.1,8,1,5.9,8,1,5.3,8,1,4.8,8,1
Jan-97,3.8,8,1,2.9,8,1,3,8,1,3,8,1,2.5,8,1,2.8,8,1,2.5,8,1,2.1,8,1
Feb-97,3.5,8,1,2.7,8,1,2.8,8,1,2.8,8,1,2.1,8,1,2.4,8,1,1.8,8,1,1.2,8,1
Mar-97,7.8,8,1,7,8,1,7.3,8,1,7.1,8,1,6.1,8,1,7.1,8,1,6.6,8,1,6.2,8,1
Apr-97,12.5,8,1,11.8,8,1,11.9,8,1,11.7,8,1,10.8,8,1,12,8,1,11.3,8,1,11,8,1
May-97,17.9,8,1,17.3,8,1,17.6,8,1,16.9,8,1,16.2,8,1,17.9,8,1,17,8,1,16.9,8,1
Jun-97,21.3,8,1,20.9,8,1,21.5,8,1,21,8,1,20.4,8,1,21.7,8,1,20.9,8,1,20.7,8,1
Jul-97,25,8,1,24.5,8,1,24.8,8,1,24.6,8,1,23.9,8,1,24.3,8,1,24.4,8,1,24.1,8,1
Aug-97,26.6,8,1,25.8,8,1,26.4,8,1,26.2,8,1,25.5,8,1,25.6,8,1,25.5,8,1,25,8,1
Sep-97,22,8,1,20.9,8,1,21.4,8,1,21.5,8,1,20.8,8,1,20.4,8,1,20.7,8,1,20.2,8,1
Oct-97,16.3,8,1,15.4,8,1,15.5,8,1,15.4,8,1,14.2,8,1,14.2,8,1,14.9,8,1,14.4,8,1
Nov-97,12.4,8,1,11.4,8,1,11.6,8,1,11.8,8,1,10.6,8,1,10.6,8,1,11.1,8,1,10.4,8,1
Dec-97,7.6,8,1,6.4,8,1,6.5,8,1,6.7,8,1,5.8,8,1,5.5,8,1,5.8,8,1,5.1,8,1
Jan-98,3.8,8,1,3,8,1,3.1,8,1,3.3,8,1,3,8,1,2.2,8,1,2.5,8,1,2.1,8,1
Feb-98,5.1,8,1,4.3,8,1,4.7,8,1,4.8,8,1,3.8,8,1,3.5,8,1,3.7,8,1,3.1,8,1
Mar-98,7.9,8,1,7.2,8,1,7.5,8,1,7.5,8,1,6.5,8,1,6.5,8,1,6.8,8,1,6.2,8,1
Apr-98,14.2,8,1,14,8,1,14.2,8,1,13.8,8,1,13.2,8,1,13.9,8,1,13.9,8,1,13.7,8,1
May-98,18.7,8,1,18.4,8,1,18.6,8,1,18,8,1,17.3,8,1,18.2,8,1,18.3,8,1,18.1,8,1
Jun-98,20.8,8,1,20.5,8,1,20.7,8,1,20.3,8,1,19.9,8,1,20.3,8,1,20.2,5,1,20.1,8,1
Jul-98,25.3,8,1,24.6,8,1,25.2,8,1,25,8,1,24.4,8,1,24.4,8,1,24.1,5,1,24.2,8,1
Aug-98,25.8,8,1,25.1,8,1,25.5,8,1,25.5,8,1,25,8,1,24.8,8,1,24.7,8,1,24.6,8,1
Sep-98,23.8,8,1,22.8,8,1,23.3,8,1,23.4,8,1,22.7,8,1,22.5,8,1,22.3,8,1,22.2,8,1
Oct-98,19.1,8,1,18.1,8,1,18.4,8,1,18.5,8,1,17.8,8,1,17.6,8,1,17.8,8,1,17.6,8,1
Nov-98,12,8,1,11,8,1,11.3,8,1,11.1,8,1,10.2,8,1,10.1,8,1,10.7,8,1,10.2,8,1
Dec-98,7.9,8,1,7,8,1,6.8,8,1,7.1,8,1,6.3,8,1,5.8,8,1,6.5,8,1,6,8,1
Jan-99,4,8,1,3.3,8,1,3,8,1,2.9,8,1,2.5,8,1,1.8,8,1,2.4,8,1,2,8,1
Feb-99,3.3,8,1,2.7,8,1,2.7,8,1,2.6,8,1,2,8,1,1.4,8,1,1.9,8,1,1.5,8,1
Mar-99,7.8,8,1,7.2,8,1,7.5,8,1,7.4,8,1,6.5,8,1,6.5,8,1,6.9,8,1,6.4,8,1
Apr-99,12.2,8,1,11.7,8,1,11.9,8,1,11.4,8,1,10.7,8,1,11.6,8,1,11.4,8,1,11.2,8,1
May-99,17.6,8,1,17.1,8,1,17.6,8,1,17,8,1,16.1,8,1,17,8,1,17.1,8,1,16.9,8,1
Jun-99,20.9,8,1,20.4,8,1,20.9,8,1,20.5,8,1,19.9,8,1,20.6,8,1,20.4,8,1,20.2,8,1
Jul-99,24.9,8,1,24.1,8,1,24.9,8,1,24.7,8,1,24,8,1,24.2,8,1,24.1,8,1,23.8,8,1
Aug-99,27.7,8,1,26.7,8,1,27.7,8,1,27.4,8,1,26.4,8,1,26.8,8,1,26.4,8,1,26.2,8,1
Sep-99,24.7,8,1,23.9,8,1,24.5,8,1,24.4,8,1,23.7,8,1,23.7,8,1,23.6,8,1,23.4,8,1
Oct-99,17.9,8,1,16.8,8,1,17.1,8,1,17.3,8,1,16.1,8,1,16.1,8,1,16.5,8,1,16,8,1
Nov-99,12.4,5,1,11.3,8,1,11.5,8,1,11.5,8,1,10.5,8,1,10.5,8,1,10.9,8,1,10.3,8,1
Dec-99,6.2,8,1,5.7,8,1,5.5,8,1,5.4,8,1,4.9,8,1,4.7,8,1,5.1,8,1,4.8,8,1
Jan-00,4.9,8,1,4.3,8,1,4.6,8,1,4.4,8,1,3.8,8,1,3.6,8,1,3.7,8,1,3.2,8,1
Feb-00,2.1,8,1,1.6,8,1,1.7,8,1,1.5,8,1,1.1,8,1,0.9,8,1,1,8,1,0.6,8,1
Mar-00,5.6,8,1,5.3,8,1,5.7,8,1,5.4,8,1,4.5,8,1,4.3,8,1,4.6,8,1,4.3,8,1
Apr-00,11.7,8,1,11.5,8,1,11.8,8,1,11.4,8,1,10.6,8,1,11,8,1,11.1,8,1,10.9,8,1
May-00,17.2,8,1,17.2,8,1,17.6,8,1,17,8,1,16.4,8,1,17.3,8,1,17.1,8,1,17,8,1
Jun-00,21.2,8,1,20.9,8,1,21.4,8,1,21,8,1,20.4,8,1,20.7,8,1,20.8,8,1,20.5,8,1
Jul-00,26.5,8,1,26.1,8,1,27,8,1,26.6,8,1,25.8,8,1,26,8,1,25.9,8,1,25.6,8,1
Aug-00,28,8,1,27.1,8,1,28.1,8,1,28,8,1,27,8,1,27.1,8,1,26.9,8,1,26.4,8,1
Sep-00,23.4,8,1,22.8,8,1,23.5,8,1,23.4,8,1,22.5,8,1,22.3,8,1,22.4,8,1,22.2,8,1
Oct-00,17.2,8,1,16.4,8,1,16.8,8,1,17,8,1,15.8,8,1,15.7,8,1,16,8,1,15.5,8,1
Nov-00,11.8,8,1,11.1,8,1,11.3,8,1,11.5,8,1,10.7,8,1,10.3,8,1,10.7,8,1,9.7,5,1
Dec-00,6.5,8,1,6,8,1,6,8,1,5.6,8,1,4.4,8,1,4.6,8,1,5.1,8,1,4.4,8,1
Jan-01,1.9,8,1,1.4,8,1,1.5,8,1,1.5,8,1,1.4,5,1,0.5,8,1,0.7,8,1,0.3,8,1
Feb-01,3.4,8,1,2.8,8,1,3.4,8,1,3.2,8,1,2.4,8,1,2,8,1,2.3,8,1,1.6,8,1
Mar-01,6.1,8,1,5.8,8,1,6.5,8,1,6.2,8,1,5.4,8,1,5.1,8,1,5.5,8,1,5.1,8,1
Apr-01,12.4,8,1,12.2,8,1,12.6,8,1,11.8,8,1,11.1,8,1,11.5,8,1,11.8,8,1,11.2,8,1
May-01,18.2,8,1,18.3,8,1,18.9,8,1,18.1,8,1,17.3,8,1,18.2,8,1,18.1,8,1,17.8,8,1
Jun-01,20.8,8,1,20.8,8,1,21.1,8,1,20.8,8,1,20.2,8,1,20.5,8,1,20.5,8,1,20.4,8,1
Jul-01,26.8,8,1,26.3,8,1,27,8,1,26.7,8,1,25.9,8,1,26.2,8,1,25.9,8,1,25.7,8,1
Aug-01,26.5,8,1,25.8,8,1,26.4,8,1,26.6,8,1,25.8,8,1,25.5,8,1,25.5,8,1,25.1,8,1
Sep-01,21.8,8,1,21.1,8,1,21.6,8,1,21.6,8,1,20.9,8,1,20.5,8,1,20.6,8,1,20.1,8,1
Oct-01,17.1,8,1,16.5,8,1,16.9,8,1,16.9,8,1,15.9,8,1,15.9,8,1,16.2,8,1,15.6,8,1
Nov-01,11.4,8,1,10.5,8,1,10.6,8,1,10.7,8,1,9.5,8,1,9.3,8,1,10.1,8,1,9.3,8,1
Dec-01,5.2,8,1,4.8,8,1,5,8,1,5.1,8,1,4.4,8,1,4,8,1,4.4,8,1,4,8,1
Jan-02,3.9,8,1,3.4,8,1,3.2,8,1,3.3,5,1,3,8,1,2.1,8,1,2.5,8,1,2.1,8,1
Feb-02,4.8,8,1,4.3,8,1,4.5,8,1,4.3,8,1,3.7,8,1,2.8,8,1,3.2,8,1,2.4,8,1
Mar-02,8.4,8,1,8.2,8,1,8.6,8,1,8.1,8,1,7.3,8,1,7.7,8,1,7.6,8,1,7.2,8,1
Apr-02,14.1,8,1,14,8,1,14.4,8,1,13.8,8,1,12.8,8,1,13.6,8,1,13.5,8,1,13,8,1
May-02,16.6,8,1,16.5,8,1,16.9,8,1,16.4,8,1,15.9,8,1,16.2,8,1,16.2,8,1,15.8,8,1
Jun-02,20.7,8,1,20.5,8,1,21.1,8,1,20.6,8,1,20.1,8,1,20.4,8,1,20.3,8,1,20,8,1
Jul-02,25.9,8,1,25.9,8,1,26.4,8,1,25.8,8,1,25.1,8,1,25.8,8,1,25.3,8,1,25.2,8,1
Aug-02,26.9,8,1,26.3,8,1,27.2,8,1,27.1,8,1,26,8,1,26,8,1,25.6,8,1,25.6,8,1
Sep-02,22.4,8,1,21.7,8,1,22.5,8,1,22.6,8,1,21.4,8,1,21.3,8,1,21.6,8,1,21.1,8,1
Oct-02,16.9,8,1,16.3,8,1,16.7,8,1,16.6,8,1,15.6,8,1,15.4,8,1,15.9,8,1,15.2,8,1
Nov-02,8.7,8,1,8.2,8,1,8,8,1,8,8,1,7.3,8,1,7,8,1,7.5,8,1,7.1,8,1
Dec-02,5.7,8,1,5,8,1,5,8,1,5.3,8,1,4.5,8,1,3.9,8,1,4.2,8,1,3.7,8,1
Jan-03,2.9,8,1,2.3,8,1,2.4,8,1,2.3,8,1,1.7,8,1,1.3,8,1,1.3,8,1,1.2,8,1
Feb-03,3.8,8,1,3.2,8,1,3.4,8,1,3.5,8,1,2.7,8,1,2.2,8,1,2.4,8,1,1.9,8,1
Mar-03,6.1,8,1,5.5,8,1,6,8,1,5.9,8,1,4.9,8,1,4.8,8,1,5,8,1,4.6,8,1
Apr-03,12.1,8,1,12.1,8,1,12.6,8,1,12.1,8,1,11.1,8,1,12,8,1,11.8,8,1,11.8,8,1
May-03,17.2,8,1,17.5,8,1,18,8,1,17,8,1,16.3,8,1,17.6,8,1,17.3,8,1,17.2,8,1
Jun-03,21.3,8,1,21.2,8,1,21.6,8,1,21,8,1,20.4,8,1,21.2,8,1,20.9,8,1,21,8,1
Jul-03,22.2,8,1,22.1,8,1,22.5,8,1,22.1,8,1,21.6,8,1,21.9,8,1,21.6,8,1,21.7,8,1
Aug-03,25.3,8,1,25,8,1,25.6,8,1,25.4,8,1,24.6,8,1,24.8,8,1,24.5,8,1,24.5,8,1
Sep-03,22.9,8,1,22.4,8,1,22.9,8,1,22.8,8,1,21.9,8,1,22.1,8,1,21.9,8,1,21.9,8,1
Oct-03,16.1,8,1,15.3,8,1,15.7,8,1,15.6,8,1,14.4,8,1,14.5,8,1,14.8,8,1,14.5,8,1
Nov-03,13.2,8,1,12.5,8,1,12.7,8,1,13,8,1,12.2,8,1,11.7,8,1,11.9,8,1,11.7,8,1
Dec-03,7.1,8,1,6.5,8,1,6.3,8,1,6.2,8,1,5.7,8,1,5.2,8,1,5.6,8,1,5.4,8,1
Jan-04,3.2,8,1,2.7,8,1,2.8,8,1,2.7,8,1,2.1,8,1,1.7,8,1,2,8,1,1.9,8,1
Feb-04,5,8,1,4.5,8,1,4.7,8,1,4.2,5,1,3.3,8,1,3.5,8,1,3.3,8,1,3.2,8,1
Mar-04,7.3,8,1,6.9,8,1,7.4,8,1,7.1,8,1,6,8,1,6.3,8,1,6.4,8,1,6.2,8,1
Apr-04,12.9,8,1,12.6,8,1,13.2,8,1,12.8,8,1,11.6,8,1,12.6,8,1,12.5,8,1,12.5,8,1
May-04,17.7,8,1,17.8,8,1,18.1,8,1,17.4,8,1,16.7,8,1,17.7,8,1,17.5,8,1,17.7,8,1
Jun-04,21.7,8,1,21.5,8,1,22,8,1,21.4,8,1,20.8,8,1,21.5,8,1,21.2,8,1,21.1,8,1
Jul-04,26.5,8,1,26.3,8,1,26.8,8,1,26.6,5,1,25.7,8,1,26,8,1,25.8,8,1,25.9,8,1
Aug-04,26.5,8,1,25.8,8,1,26.7,8,1,26.5,8,1,25.4,8,1,25.8,8,1,25.4,8,1,25.3,8,1
Sep-04,23.5,8,1,23,8,1,23.6,8,1,23.4,8,1,22.7,8,1,22.7,8,1,22.5,8,1,22.6,8,1
Oct-04,17,8,1,16.2,8,1,16.6,8,1,16.8,8,1,16,8,1,15.6,8,1,15.7,8,1,15.4,8,1
Nov-04,13.4,8,1,12.8,8,1,13.1,8,1,12.9,8,1,11.7,5,1,11.9,8,1,12.4,8,1,12.1,8,1
Dec-04,7.7,8,1,7,8,1,7.4,8,1,7.3,8,1,6.2,8,1,6.1,8,1,6.5,8,1,6,8,1
Jan-05,3.4,8,1,2.7,8,1,2.8,8,1,2.6,8,1,2.4,8,1,1.8,8,1,1.7,8,1,1.4,8,1
Feb-05,2.6,8,1,1.9,8,1,2.2,8,1,2.2,8,1,1.6,8,1,1.2,8,1,1.3,8,1,1.1,8,1
Mar-05,6,8,1,5.5,8,1,5.9,8,1,5.6,8,1,5,8,1,4.4,8,1,5,8,1,4.5,8,1
Apr-05,13,8,1,12.7,8,1,13.2,8,1,12.6,8,1,11.6,8,1,12.4,8,1,12.1,8,1,12,8,1
May-05,15.7,8,1,15.5,8,1,16.2,8,1,15.4,8,1,14.4,8,1,15.6,8,1,15.4,8,1,15.5,8,1
Jun-05,22.3,8,1,22.2,8,1,22.8,8,1,22,8,1,21.2,8,1,22.3,8,1,21.9,8,1,22,8,1
Jul-05,24.7,8,1,24.3,8,1,24.9,8,1,24.6,8,1,24,8,1,24.1,8,1,23.9,8,1,23.9,8,1
Aug-05,27,8,1,26.3,8,1,26.9,8,1,26.7,8,1,26.1,8,1,25.9,8,1,25.7,8,1,25.5,8,1
Sep-05,23.9,8,1,23.2,8,1,23.9,8,1,23.8,8,1,23.1,8,1,22.9,8,1,22.8,8,1,22.7,8,1
Oct-05,18.2,8,1,17.5,8,1,18,8,1,17.8,8,1,16.6,8,1,16.8,8,1,16.9,8,1,16.8,8,1
Nov-05,11.3,8,1,10.7,8,1,11,8,1,10.7,8,1,9.6,8,1,10,5,1,10.7,5,1,9.8,8,1
Dec-05,2.8,8,1,2.2,8,1,2.2,8,1,2,8,1,1.9,8,1,1.6,8,1,1.9,8,1,1.6,8,1
Jan-06,2.1,8,1,1.4,8,1,1.5,8,1,1.4,8,1,0.5,8,1,0.6,8,1,0.6,8,1,0.1,8,1
Feb-06,3.4,8,1,2.7,8,1,3.2,8,1,3,8,1,2.2,8,1,1.7,8,1,2,8,1,1.5,8,1
Mar-06,6,8,1,5.7,8,1,6,8,1,5.7,8,1,4.9,8,1,4.8,8,1,5.2,8,1,4.7,8,1
Apr-06,10.5,8,1,10.4,8,1,11,8,1,10.3,8,1,9.7,8,1,10.5,8,1,10.5,8,1,10.2,8,1
May-06,16.7,8,1,16.8,8,1,17.1,8,1,16.2,8,1,15.8,8,1,16.8,8,1,16.8,8,1,16.7,8,1
Jun-06,20.9,8,1,20.9,8,1,21.4,8,1,20.7,8,1,20.2,8,1,21.1,8,1,20.9,8,1,20.9,8,1
Jul-06,23.8,8,1,23.6,8,1,24,8,1,23.6,8,1,23.2,8,1,23.5,8,1,23.4,8,1,23.3,8,1
Aug-06,27.8,8,1,26.9,8,1,27.9,8,1,27.8,8,1,26.7,8,1,27,8,1,26.9,8,1,26.5,8,1
Sep-06,22.3,8,1,21.4,8,1,22,8,1,22.1,8,1,21.4,8,1,21.1,8,1,21.2,8,1,20.8,8,1
Oct-06,18.2,8,1,17.2,8,1,17.9,8,1,17.8,8,1,16.9,8,1,16.8,8,1,17.2,8,1,16.7,8,1
Nov-06,12.3,5,1,11.6,8,1,12.1,8,1,11.8,8,1,10.7,8,1,11,8,1,11.3,8,1,10.8,8,1
Dec-06,6.6,8,1,6.3,8,1,6.3,8,1,6.3,8,1,5.5,8,1,5.3,8,1,5.8,8,1,5.3,8,1
Jan-07,4.7,8,1,4.4,8,1,4.7,8,1,4.5,8,1,3.8,8,1,3.5,8,1,3.9,8,1,3.2,8,1
Feb-07,5.4,8,1,5.2,8,1,5.7,8,1,5.5,8,1,4.8,8,1,4.6,8,1,5.1,8,1,4.5,8,1
Mar-07,6.4,8,1,6.4,8,1,6.7,8,1,6.2,8,1,5.4,8,1,5.8,8,1,6,8,1,5.7,8,1
Apr-07,11.3,8,1,11.3,8,1,11.8,8,1,11.3,8,1,10.4,8,1,10.9,8,1,11.2,8,1,10.8,8,1
May-07,16.8,8,1,16.9,8,1,17.5,8,1,16.8,8,1,15.9,8,1,16.8,8,1,17,8,1,16.7,8,1
Jun-07,20.7,8,1,21,8,1,21.4,8,1,20.9,8,1,20.3,8,1,20.6,8,1,20.9,8,1,20.7,8,1
Jul-07,22.6,8,1,22.8,8,1,23.3,8,1,22.9,8,1,22.4,8,1,22.6,8,1,22.6,8,1,22.4,8,1
Aug-07,27.1,8,1,27,8,1,28.1,8,1,27.6,8,1,26.5,8,1,27.1,8,1,26.9,8,1,26.4,8,1
Sep-07,24.1,8,1,23.9,8,1,24.7,8,1,24.3,8,1,23.5,8,1,23.8,8,1,23.7,8,1,23.5,8,1
Oct-07,17.1,8,1,16.7,8,1,17,8,1,17.1,8,1,16,8,1,15.9,8,1,16.3,8,1,15.8,8,1
Nov-07,10.7,8,1,10.2,8,1,10.4,8,1,10.5,8,1,9.5,8,1,9.3,8,1,10,8,1,9.3,8,1
Dec-07,6.8,8,1,6.7,5,1,6.9,8,1,6.8,8,1,6.4,8,1,6,8,1,6.3,8,1,6,8,1
Jan-08,2.9,8,1,2.4,8,1,3,8,1,2.9,8,1,2.2,5,1,1.6,8,1,2,8,1,1.6,8,1
Feb-08,2.1,8,1,1.4,8,1,2,8,1,1.6,8,1,1.3,8,1,0.9,8,1,0.7,8,1,0.5,8,1
Mar-08,7.3,8,1,6.8,8,1,7.9,8,1,7.5,8,1,6.8,8,1,6.8,8,1,6.8,8,1,6.5,8,1
Apr-08,12.2,8,1,11.9,8,1,12.7,8,1,12.2,8,1,11.6,8,1,12,8,1,11.9,8,1,11.8,8,1
May-08,16.9,8,1,16.7,8,1,17.7,8,1,16.8,8,1,16.1,8,1,17,8,1,16.9,8,1,16.9,8,1
Jun-08,19.7,8,1,19.5,8,1,20.4,8,1,19.8,8,1,19.3,8,1,19.8,8,1,19.8,8,1,19.8,8,1
Jul-08,25.9,8,1,25.5,8,1,26.8,8,1,26.3,8,1,25.6,8,1,25.8,8,1,25.8,8,1,25.7,8,1
Aug-08,25.6,8,1,25,8,1,26.2,8,1,26,8,1,25,8,1,25.3,8,1,25.2,8,1,25,8,1
Sep-08,22.5,8,1,21.6,8,1,22.7,8,1,22.5,8,1,21.6,8,1,21.6,8,1,21.8,8,1,21.5,8,1
Oct-08,17.7,8,1,16.7,8,1,17.6,8,1,17.6,8,1,16.5,8,1,16.4,8,1,16.9,8,1,16.4,8,1
Nov-08,11.2,5,1,10.2,8,1,10.8,8,1,10.5,8,1,10,8,1,9.3,5,1,9.8,5,1,9.7,8,1
Dec-08,7.5,8,1,6.6,8,1,7,8,1,6.5,8,1,5.8,8,1,6.1,8,1,6.3,5,1,5.7,8,1
Jan-09,3.8,8,1,3.1,8,1,3.7,8,1,3,8,1,2.7,8,1,2.7,8,1,2.3,5,1,2.3,8,1
Feb-09,5.6,8,1,4.6,8,1,5.4,8,1,4.9,8,1,4.3,8,1,4.4,8,1,4.2,8,1,4,8,1
Mar-09,6.9,8,1,6.3,8,1,7.3,8,1,6.7,8,1,5.9,8,1,6.5,8,1,6.1,5,1,5.3,5,1
Apr-09,12.3,8,1,11.6,8,1,12.7,8,1,12,8,1,11.3,8,1,11.9,8,1,11.7,8,1,11.4,8,1
May-09,17.6,8,1,16.9,8,1,17.9,8,1,17.2,8,1,16.6,8,1,17.3,8,1,17.2,8,1,17.2,8,1
Jun-09,21.3,8,1,20.8,8,1,21.9,8,1,21,8,1,20.3,8,1,21.5,8,1,20.9,8,1,20.9,8,1
Jul-09,24.1,8,1,23.6,8,1,24.5,8,1,23.8,8,1,23.5,8,1,24,8,1,23.7,8,1,23.8,8,1
Aug-09,24.8,8,1,24.1,8,1,25.2,8,1,24.8,8,1,24.1,8,1,24.5,8,1,24.3,8,1,23.9,8,1
Sep-09,21.8,8,1,20.5,8,1,21.8,8,1,21.6,8,1,20.9,8,1,20.9,8,1,20.8,8,1,20.5,8,1
Oct-09,17.2,8,1,15.9,8,1,17,8,1,16.9,8,1,15.7,8,1,15.9,8,1,16.2,8,1,15.8,8,1
Nov-09,12,8,1,11,8,1,11.8,8,1,11.4,8,1,10.6,8,1,10.6,8,1,11,8,1,10.5,8,1
Dec-09,6.4,8,1,5.3,8,1,5.6,8,1,5.4,8,1,5.1,8,1,4.7,8,1,4.9,8,1,4.7,8,1
Jan-10,3.7,8,1,3,8,1,3.3,8,1,2.9,8,1,2.9,8,1,2.3,8,1,2.4,8,1,2.3,8,1
Feb-10,4.1,8,1,3.4,8,1,4,8,1,3.9,8,1,3.6,8,1,2.9,8,1,3,8,1,2.6,8,1
Mar-10,6.5,8,1,5.8,8,1,6.8,8,1,6.4,8,1,6,5,1,5.8,8,1,5.9,8,1,5.5,8,1
Apr-10,10.1,8,1,9.6,8,1,10.6,8,1,9.9,8,1,9.2,8,1,10.1,8,1,9.7,8,1,9.4,8,1
May-10,16,8,1,15.6,8,1,16.6,8,1,15.7,8,1,15.1,8,1,16.2,8,1,15.8,8,1,15.7,8,1
Jun-10,21.5,8,1,21.1,8,1,22,8,1,21.2,8,1,20.7,8,1,21.6,8,1,21.5,8,1,21.3,8,1
Jul-10,26.4,8,1,25.5,8,1,26.7,8,1,26.3,8,1,25.6,8,1,25.8,8,1,25.6,8,1,25.4,8,1
Aug-10,28.9,8,1,27.7,8,1,29.3,8,1,28.8,8,1,27.9,8,1,28,8,1,27.9,8,1,27.5,5,1
Sep-10,24.1,8,1,23.1,8,1,24.2,8,1,24.1,8,1,23.2,8,1,23.1,8,1,23.3,8,1,22.9,8,1
Oct-10,18.1,8,1,16.8,8,1,17.8,8,1,17.8,8,1,17.2,8,1,16.8,8,1,16.8,8,1,16.5,8,1
Nov-10,11.1,8,1,10.1,8,1,10.9,8,1,10.4,8,1,9.7,8,1,9.9,8,1,10.1,8,1,9.8,8,1
Dec-10,6.8,8,1,6,8,1,6.4,8,1,6,8,1,5.7,8,1,5.5,8,1,5.7,8,1,5.4,8,1
Jan-11,1.3,8,1,0.4,8,1,1,8,1,0.4,8,1,0.4,8,1,0.1,8,1,0.1,8,1,-0.2,8,1
Feb-11,4.3,8,1,2.9,8,1,3.8,8,1,3.2,8,1,2.6,8,1,2.5,8,1,2.3,8,1,1.7,8,1
Mar-11,5,8,1,4.1,8,1,5.2,5,1,4.5,8,1,4,8,1,3.7,8,1,3.8,8,1,3.2,8,1
Apr-11,10.9,8,1,10.4,8,1,11.3,8,1,10.3,8,1,9.2,8,1,10.3,8,1,10.1,8,1,9.6,8,1
May-11,16.2,8,1,16.1,8,1,17,8,1,16.2,8,1,15.6,8,1,16.6,8,1,16.5,8,1,16.5,8,1
Jun-11,21.1,8,1,21.3,8,1,22.3,8,1,21.5,8,1,20.9,8,1,21.8,8,1,21.6,8,1,21.7,8,1
Jul-11,26.1,8,1,25.8,8,1,26.6,8,1,26.2,8,1,25.8,8,1,25.9,8,1,25.9,8,1,25.8,8,1
Aug-11,26.4,8,1,25.7,8,1,26.8,8,1,26.7,8,1,26,8,1,25.9,8,1,26,8,1,25.7,8,1
Sep-11,22.9,8,1,22.1,8,1,23.2,8,1,23.1,8,1,22.3,8,1,22.3,8,1,22.5,8,1,22.2,8,1
Oct-11,16.6,8,1,15.7,8,1,16.7,8,1,16.6,8,1,15.6,8,1,15.6,8,1,16,8,1,15.5,8,1
Nov-11,12.7,8,1,11.7,8,1,12.7,8,1,12.5,8,1,11.5,8,1,11.7,8,1,12,8,1,11.6,8,1
Dec-11,4.5,8,1,3.8,8,1,4.5,8,1,4.3,5,1,3.8,8,1,3.7,8,1,3.9,8,1,3.5,8,1
Jan-12,2.1,8,1,1.1,8,1,2,8,1,2.1,8,1,1.6,8,1,1,8,1,1,8,1,0.6,8,1
Feb-12,1.6,8,1,0.7,8,1,1.3,8,1,1.5,8,1,1.1,8,1,0.4,8,1,0.6,8,1,0.2,8,1
Mar-12,6.1,8,1,5,8,1,6.1,8,1,6.2,8,1,5.6,8,1,4.6,8,1,5.1,8,1,4.4,8,1
Apr-12,11.2,8,1,11.3,8,1,12,8,1,11.6,8,1,10.8,8,1,11.7,8,1,11.6,8,1,11.7,8,1
May-12,16.3,5,1,15.7,8,1,16.6,8,1,16.1,8,1,15.4,8,1,16.1,8,1,16.3,8,1,16.1,8,1
Jun-12,20.5,8,1,20,8,1,21,8,1,20.4,8,1,19.7,8,1,20.5,8,1,20.3,8,1,20.3,8,1
Jul-12,25.9,8,1,25.3,8,1,26.4,8,1,26,8,1,25.1,8,1,25.8,8,1,25.5,8,1,25.4,8,1
Aug-12,27.9,8,1,26.9,8,1,28.4,8,1,28.1,8,1,26.8,8,1,27.5,8,1,27.1,8,1,27,8,1
Sep-12,24.8,8,1,23.6,5,1,25.1,8,1,24.8,8,1,23.8,8,1,24,8,1,23.9,8,1,23.7,8,1
Oct-12,17.8,8,1,16.4,5,1,17.6,8,1,17.7,8,1,16.1,8,1,16.4,8,1,16.7,8,1,16.3,8,1
Nov-12,10.1,8,1,9.3,5,1,9.9,8,1,9.6,8,1,8.7,8,1,9.1,8,1,8.9,8,1,8.9,8,1
Dec-12,4,8,1,2.7,8,1,3.6,8,1,3.4,8,1,3.1,8,1,2.5,8,1,2.7,8,1,2.4,8,1
Jan-13,2.4,8,1,1.5,8,1,1.9,8,1,1.9,8,1,1.5,8,1,1,8,1,1,8,1,0.7,8,1
Feb-13,2.3,8,1,1.4,8,1,2.2,8,1,1.9,8,1,1.5,8,1,1.1,8,1,0.9,8,1,0.7,8,1
Mar-13,7.6,8,1,7.1,8,1,8,8,1,7.4,8,1,6.4,8,1,7.2,8,1,6.9,8,1,6.8,8,1
Apr-13,10.6,8,1,10.2,8,1,11.1,8,1,10.4,8,1,9.6,8,1,10.6,8,1,10.1,8,1,10.2,8,1
May-13,16.6,8,1,16,8,1,17.3,8,1,16.4,8,1,15.4,8,1,16.8,8,1,16.4,8,1,16.6,8,1
Jun-13,21.8,8,1,21.3,8,1,22.3,8,1,21.9,8,1,21.3,8,1,21.9,8,1,21.8,8,1,21.9,8,1
Jul-13,26.5,8,1,25.8,8,1,26.9,8,1,26.6,8,1,25.7,8,1,26,8,1,26,8,1,26.1,8,1
Aug-13,27.5,8,1,26.4,8,1,27.9,8,1,27.8,8,1,26.5,8,1,26.7,8,1,26.7,8,1,26.5,8,1
Sep-13,22.7,8,1,21.5,8,1,22.6,8,1,22.6,8,1,21.4,8,1,21.6,8,1,21.8,8,1,21.5,8,1
Oct-13,18.5,8,1,17.3,8,1,18.4,8,1,18.5,5,1,17.5,8,1,17.4,8,1,17.5,8,1,17.3,8,1
Nov-13,10.6,8,1,9.8,8,1,10.6,8,1,10.1,8,1,9,8,1,9.7,8,1,9.5,8,1,9.4,8,1
Dec-13,5.5,8,1,4.7,8,1,5.1,8,1,4.9,8,1,4.5,5,1,4.2,8,1,4.4,8,1,4.4,8,1
Jan-14,3.2,8,1,2.5,8,1,2.9,8,1,2.7,8,1,2.2,8,1,1.7,8,1,1.9,8,1,1.8,8,1
Feb-14,3.1,8,1,2,8,1,2.8,8,1,3,8,1,2.4,8,1,1.7,8,1,1.6,8,1,1.6,8,1
Mar-14,6.8,8,1,6.1,8,1,6.8,8,1,6.5,8,1,5.8,8,1,5.9,8,1,5.8,8,1,5.8,8,1
Apr-14,11.8,8,1,11.2,8,1,12.2,8,1,11.4,8,1,10.4,8,1,11.3,8,1,11.1,8,1,11.1,8,1
May-14,17.7,8,1,17.2,8,1,18.3,8,1,17.4,8,1,16.2,8,1,17.5,8,1,17.2,8,1,17.3,8,1
Jun-14,21.9,8,1,21.3,8,1,22.5,8,1,22,8,1,21.1,8,1,21.7,8,1,21.6,8,1,21.7,8,1
Jul-14,25.2,8,1,24.5,8,1,25.8,8,1,25.5,8,1,24.6,8,1,25,8,1,24.8,8,1,24.9,8,1
Aug-14,26,8,1,25.1,8,1,26.2,8,1,26,8,1,25,8,1,25.3,8,1,25,8,1,25.1,8,1
Sep-14,22,8,1,20.7,8,1,22.1,8,1,22.2,8,1,20.7,8,1,21,8,1,21,8,1,20.8,8,1
Oct-14,16.7,8,1,15.5,8,1,16.6,8,1,16.6,8,1,15.4,8,1,15.5,8,1,15.7,8,1,15.4,8,1
Nov-14,11.9,8,1,10.8,8,1,11.5,8,1,11.5,8,1,10.4,8,1,10.5,8,1,10.8,8,1,10.5,8,1
Dec-14,3.5,8,1,2.8,8,1,3.5,8,1,2.9,8,1,2.5,8,1,2.6,8,1,2.4,8,1,2.6,8,1
Jan-15,3.3,8,1,2.4,8,1,2.8,8,1,2.5,8,1,2,8,1,1.7,8,1,1.7,8,1,1.6,8,1
Feb-15,3.9,8,1,3.1,8,1,3.8,8,1,3.5,8,1,3,8,1,2.6,8,1,2.7,8,1,2.6,8,1
Mar-15,7.1,8,1,6.2,8,1,7,8,1,6.9,8,1,6.1,8,1,5.7,8,1,6.2,8,1,5.8,8,1
Apr-15,12.7,8,1,12.1,8,1,13.2,8,1,12.6,8,1,11.4,8,1,12.4,8,1,12.3,8,1,12.2,8,1
May-15,19,8,1,18.4,8,1,19.6,8,1,18.8,8,1,17.5,8,1,18.8,8,1,18.8,8,1,18.8,8,1
Jun-15,20.9,8,1,20.4,8,1,21.4,8,1,20.9,8,1,19.9,8,1,20.6,8,1,20.5,8,1,20.5,8,1
Jul-15,25.3,8,1,24.7,8,1,25.8,8,1,25.2,8,1,24.1,8,1,25.2,8,1,24.8,8,1,25,8,1
Aug-15,26.2,8,1,25.3,8,1,26.7,8,1,26.5,8,1,25.3,8,1,25.8,8,1,25.6,8,1,25.6,8,1
Sep-15,21.2,8,1,20.3,5,1,21.3,8,1,21.3,8,1,20.3,8,1,20.2,8,1,20.3,8,1,20.2,8,1
Oct-15,16.6,8,1,15.4,8,1,16.3,8,1,16.3,8,1,14.8,8,1,15.1,8,1,15.5,8,1,15.3,8,1
Nov-15,12.8,8,1,11.8,8,1,12.7,8,1,12.9,8,1,12.1,8,1,11.6,8,1,12,8,1,11.8,8,1
Dec-15,7.4,8,1,6.4,8,1,7.3,8,1,7.3,8,1,6.4,8,1,6.5,8,1,6.4,8,1,6.3,8,1
Jan-16,4.2,8,1,3.4,8,1,3.8,8,1,3.7,8,1,3.1,8,1,2.9,8,1,3,8,1,3.3,5,1
Feb-16,4.2,8,1,3.5,8,1,4.5,8,1,4.1,8,1,3.3,8,1,3.6,8,1,3.4,8,1,3.3,8,1
Mar-16,7.7,8,1,7,8,1,8,8,1,7.5,8,1,6.4,8,1,6.9,8,1,6.7,8,1,6.7,8,1
Apr-16,13.2,8,1,12.9,8,1,13.9,8,1,13,8,1,12,8,1,13.2,8,1,12.7,8,1,13,8,1
May-16,18.1,8,1,18,8,1,18.9,8,1,18,8,1,17.1,8,1,18.5,8,1,18.4,8,1,18.6,8,1
Jun-16,21.6,8,1,21.1,8,1,22.2,8,1,21.5,8,1,20.7,8,1,21.3,8,1,21.3,8,1,21.2,8,1
Jul-16,25.3,8,1,24.8,8,1,26,8,1,25.5,8,1,24.6,8,1,25.2,8,1,25.1,8,1,25.1,8,1
Aug-16,26.7,8,1,25.7,8,1,27.1,8,1,27.1,8,1,25.8,8,1,26,8,1,26,8,1,25.8,8,1
Sep-16,23.1,8,1,22.1,8,1,23.3,8,1,23.2,8,1,22.4,8,1,22.4,8,1,22.5,8,1,22.5,8,1
Oct-16,17.5,8,1,16.3,8,1,17.4,8,1,17.5,8,1,16.2,8,1,16.3,8,1,16.6,8,1,16.4,8,1
Nov-16,10.9,8,1,9.7,8,1,10.7,8,1,10.8,8,1,9.8,8,1,9.6,8,1,9.8,8,1,9.7,8,1
Dec-16,7.4,8,1,6.6,8,1,7,8,1,6.7,8,1,5.9,8,1,5.9,8,1,6.2,8,1,6.1,8,1
Jan-17,3.6,8,1,2.8,8,1,3.3,8,1,3,8,1,2.4,8,1,2.3,8,1,2.3,8,1,2.3,8,1
Feb-17,4,8,1,3,8,1,3.6,8,1,3.2,8,1,2.7,8,1,2.3,8,1,2.5,8,1,2.2,8,1
Mar-17,6.7,8,1,5.8,8,1,6.6,8,1,6.3,8,1,5.3,8,1,5.4,8,1,5.6,8,1,5.4,8,1
Apr-17,12.8,8,1,12.4,8,1,13.4,8,1,12.6,8,1,11.4,8,1,12.4,8,1,12.4,8,1,12.3,8,1
May-17,18.3,8,1,17.7,8,1,18.7,8,1,18,8,1,17,8,1,17.8,8,1,18,8,1,18.1,8,1
Jun-17,19.2,8,1,18.7,8,1,19.8,8,1,19.2,8,1,18.3,8,1,19.1,8,1,19.2,8,1,19.3,8,1
Jul-17,26.5,8,1,25.8,8,1,26.8,8,1,26.4,8,1,25.6,8,1,25.7,5,1,25.9,8,1,26.1,8,1
Aug-17,26.4,8,1,25.6,8,1,26.7,8,1,26.7,8,1,25.7,8,1,25,8,1,25.8,8,1,25.7,8,1
Sep-17,21.8,5,1,20.8,8,1,22,8,1,21.9,8,1,20.8,8,1,20.3,8,1,21,8,1,20.7,8,1
Oct-17,16.1,8,1,15.7,8,1,16.6,8,1,16.8,8,1,15.9,8,1,15.1,8,1,15.7,8,1,15.6,8,1
Nov-17,9.7,8,1,9.3,8,1,10.1,8,1,9.8,8,1,8.7,8,1,9,8,1,9.3,8,1,9.1,8,1
Dec-17,4,8,1,3.8,8,1,4.4,8,1,4.3,8,1,3.7,8,1,3.1,8,1,3.7,8,1,3.5,8,1
Jan-18,1.6,8,1,1.4,8,1,2,8,1,1.8,8,1,1.3,8,1,1,8,1,0.8,8,1,0.9,8,1
Feb-18,1.6,8,1,1.6,8,1,2,8,1,2.1,8,1,1.5,8,1,0.9,8,1,1.1,8,1,0.9,8,1
Mar-18,7.8,8,1,7.5,8,1,8.7,8,1,8.3,8,1,7.1,8,1,7.4,8,1,7.4,8,1,7.1,8,1
Apr-18,13.1,8,1,13.1,8,1,14.1,8,1,13.2,8,1,12.2,8,1,13.1,8,1,13.1,8,1,13.2,8,1
May-18,17.4,8,1,17.1,8,1,17.9,8,1,17.4,8,1,16.4,8,1,17,8,1,17.4,8,1,17.6,8,1
Jun-18,21.1,8,1,21,8,1,22,8,1,21.3,8,1,20.5,8,1,20.8,8,1,21.2,8,1,21.4,8,1
Jul-18,27,8,1,27,8,1,28.1,8,1,27.5,8,1,26.6,8,1,26.8,8,1,27.1,8,1,27.1,8,1
Aug-18,26.1,8,1,26.4,8,1,27.8,8,1,27.4,8,1,26.2,8,1,26,8,1,26.5,8,1,26.4,8,1
Sep-18,21,8,1,21,8,1,22,8,1,22,8,1,21.2,8,1,20.7,8,1,21.2,8,1,21.2,8,1
Oct-18,16.1,8,1,16.2,8,1,17.1,8,1,17,8,1,16.1,8,1,15.7,8,1,16.3,8,1,16,8,1
Nov-18,11.8,8,1,11.5,8,1,12.3,8,1,12.4,8,1,11.2,8,1,10.9,8,1,11.5,8,1,11.3,8,1
Dec-18,5.8,8,1,5.7,8,1,6.3,8,1,6.1,8,1,5.5,8,1,5.2,8,1,5.5,8,1,5.5,8,1
Jan-19,2.9,8,1,2.9,8,1,3.4,8,1,3.2,8,1,2.3,8,1,1.9,8,1,2.5,8,1,2.3,8,1
Feb-19,4,8,1,3.9,8,1,4.9,8,1,4.7,8,1,3.8,8,1,3.4,8,1,3.9,8,1,3.7,8,1
Mar-19,7.2,8,1,7.2,8,1,8.2,8,1,7.7,8,1,6.6,8,1,6.9,8,1,7,8,1,7,8,1
Apr-19,10.4,8,1,10.4,8,1,11.3,8,1,10.7,8,1,9.8,8,1,10.4,8,1,10.7,8,1,10.7,8,1
May-19,18.2,8,1,17.9,8,1,18.9,8,1,18.1,8,1,16.8,8,1,17.9,8,1,18.2,8,1,18.3,8,1
Jun-19,20.5,8,1,20.3,8,1,21.4,8,1,20.8,8,1,20.1,8,1,20.3,8,1,20.7,8,1,20.8,8,1
Jul-19,24.5,8,1,24.4,8,1,25.5,8,1,25.1,8,1,24.3,8,1,24,8,1,24.5,8,1,24.5,8,1
Aug-19,26.6,8,1,26.6,8,1,27.9,8,1,27.7,8,1,26.6,8,1,26.3,8,1,26.9,8,1,26.8,8,1
Sep-19,22.9,8,1,22.9,8,1,24,8,1,24,8,1,22.9,8,1,22.4,8,1,23,8,1,22.8,8,1
Oct-19,17.2,8,1,17,8,1,17.9,8,1,18.1,8,1,17.3,8,1,16.6,8,1,17.2,8,1,17,8,1
Nov-19,10.8,8,1,10.5,8,1,11.2,8,1,11.3,8,1,10.2,8,1,9.9,8,1,10.5,8,1,10.3,8,1
Dec-19,7,8,1,6.9,8,1,7.4,8,1,7.3,8,1,6.3,8,1,6.3,8,1,6.6,8,1,6.4,8,1
Jan-20,5.6,5,1,5.2,8,1,6.1,8,1,6,8,1,5.3,5,1,4.8,8,1,5.1,8,1,5.1,8,1
Feb-20,4.8,8,1,4.8,8,1,5.5,8,1,5.4,8,1,4.6,8,1,4.3,8,1,4.6,8,1,4.5,8,1
Mar-20,7.5,8,1,7.6,8,1,8.4,8,1,8.3,8,1,7.4,8,1,7.3,8,1,7.4,8,1,7.5,8,1
Apr-20,9.9,8,1,10,8,1,10.9,8,1,10.5,8,1,9.6,8,1,9.6,8,1,9.9,8,1,9.9,8,1
May-20,17.4,8,1,17.5,8,1,18.7,8,1,17.7,8,1,16.8,8,1,17.8,8,1,17.7,8,1,18.1,8,1
Jun-20,21.7,8,1,21.8,8,1,23,8,1,22.3,8,1,21.5,8,1,21.8,8,1,22.1,8,1,22.3,8,1
Jul-20,22.8,8,1,23,8,1,23.9,8,1,23.6,8,1,23,8,1,22.7,8,1,23.1,8,1,23.4,8,1
Aug-20,27,8,1,27.3,8,1,28.8,8,1,28.3,8,1,27.2,8,1,27,8,1,27.6,8,1,27.4,8,1
Sep-20,22.9,8,1,23.3,8,1,24.5,8,1,24.3,8,1,23.3,8,1,22.8,8,1,23.5,8,1,23.4,8,1
Oct-20,15.6,5,1,15.8,8,1,16.7,8,1,16.9,8,1,15.7,5,1,15,5,1,16,5,1,15.6,5,1
Nov-20,11.3,5,1,11.4,5,1,12.5,8,1,12.2,8,1,10.9,8,1,11.3,8,1,11.5,5,1,11.3,8,1
Dec-20,5.2,8,1,5.2,5,1,5.6,8,1,5.6,8,1,4.9,8,1,4.4,8,1,5.1,8,1,5,8,1
Jan-21,1.8,8,1,2.1,8,1,2.3,8,1,2.4,8,1,1.6,8,1,1.4,8,1,1.6,8,1,1.8,8,1
Feb-21,4.2,8,1,4.7,8,1,5.1,8,1,4.8,8,1,4,8,1,3.9,8,1,4.1,8,1,4.1,8,1
Mar-21,8.1,5,1,8.7,5,1,9.6,8,1,9,8,1,7.8,8,1,8.5,8,1,8.5,5,1,8.5,8,1
Apr-21,11.1,8,1,11.6,8,1,12.2,8,1,11.5,8,1,10.5,8,1,11.2,8,1,11.4,8,1,11.4,8,1
May-21,17,8,1,17.3,8,1,17.6,8,1,16.9,8,1,16,8,1,16.7,8,1,17,8,1,17.3,8,1
Jun-21,21.3,8,1,21.4,8,1,22,8,1,21.3,8,1,20.5,8,1,20.9,8,1,21.4,8,1,21.5,8,1
Jul-21,25.7,8,1,25.8,8,1,26.4,8,1,26.3,8,1,25.6,8,1,24.9,8,1,25.8,8,1,25.7,8,1
Aug-21,25.8,8,1,26.1,8,1,26.9,8,1,26.5,8,1,25.5,8,1,25.3,8,1,25.9,8,1,25.8,8,1
Sep-21,21.9,8,1,22.1,8,1,23,8,1,22.7,8,1,21.6,8,1,21.6,8,1,22,8,1,21.9,8,1
Oct-21,17.2,8,1,17.2,8,1,17.9,8,1,17.7,8,1,16.5,8,1,16.3,8,1,16.9,8,1,16.7,8,1
Nov-21,11.2,8,1,11.2,8,1,11.7,8,1,11.5,8,1,10.3,8,1,10.5,5,1,11.1,8,1,10.8,8,1
Dec-21,5.8,8,1,5.8,8,1,5.9,8,1,5.7,8,1,5.1,8,1,4.7,8,1,5.3,8,1,5.3,8,1
Jan-22,1.7,8,1,1.9,8,1,2,8,1,2.1,8,1,1.4,8,1,0.7,8,1,1.3,8,1,1.3,8,1
Feb-22,1.8,8,1,2.1,8,1,2.3,8,1,2.3,8,1,1.7,8,1,0.8,8,1,1.3,8,1,1.4,8,1
Mar-22,7.3,8,1,7.7,8,1,8.4,8,1,7.9,8,1,7.1,8,1,6.9,8,1,7.3,8,1,7.1,8,1
Apr-22,12.7,8,1,13,8,1,13.8,8,1,13,8,1,11.9,8,1,12.8,8,1,13.1,8,1,13,8,1
May-22,17.6,8,1,17.6,8,1,18.1,8,1,17.2,8,1,16.2,8,1,17.1,8,1,17.5,8,1,17.6,8,1
Jun-22,22.3,8,1,22.4,8,1,23.3,8,1,22.6,8,1,21.8,8,1,21.8,8,1,22.3,8,1,22.4,8,1
Jul-22,26.1,8,1,26.2,8,1,26.8,8,1,26.4,5,1,25.8,8,1,25.4,8,1,25.9,8,1,26,8,1
Aug-22,26.2,8,1,26.6,8,1,27.4,8,1,27,8,1,26.1,8,1,25.7,8,1,26.2,8,1,26.3,8,1
Sep-22,23.1,8,1,23.3,8,1,23.9,8,1,23.9,8,1,23.1,8,1,22.5,8,1,23,8,1,23,8,1
Oct-22,16,8,1,15.9,8,1,16.6,8,1,16.8,8,1,15.5,8,1,15.2,8,1,15.9,8,1,15.7,8,1
Nov-22,12.7,8,1,12.8,8,1,13.1,8,1,12.9,8,1,11.6,8,1,11.9,8,1,12.2,8,1,12,8,1
Dec-22,4.8,8,1,5.1,8,1,5.1,8,1,4.8,8,1,4.2,5,1,4,8,1,4.4,8,1,4.6,8,1