ダウンロードした時刻：2023/06/19 01:10:08,,,,,,,,,,,,,,,,,,,,,,,,,,,,,,,,,,,,,,,,,,,,,
,,,,,,,,,,,,,,,,,,,,,,,,,,,,,,,,,,,,,,,,,,,,,
,伊是名,伊是名,伊是名,奥,奥,奥,名護,名護,名護,糸数,糸数,糸数,那覇,那覇,那覇,渡嘉敷,渡嘉敷,渡嘉敷,久米島,久米島,久米島,南大東（南大東島）,南大東（南大東島）,南大東（南大東島）,宮古島,宮古島,宮古島,伊原間,伊原間,伊原間,石垣島,石垣島,石垣島,大原,大原,大原,西表島,西表島,西表島,波照間,波照間,波照間,与那国島,与那国島,与那国島
年月,平均気温(℃),平均気温(℃),平均気温(℃),平均気温(℃),平均気温(℃),平均気温(℃),平均気温(℃),平均気温(℃),平均気温(℃),平均気温(℃),平均気温(℃),平均気温(℃),平均気温(℃),平均気温(℃),平均気温(℃),平均気温(℃),平均気温(℃),平均気温(℃),平均気温(℃),平均気温(℃),平均気温(℃),平均気温(℃),平均気温(℃),平均気温(℃),平均気温(℃),平均気温(℃),平均気温(℃),平均気温(℃),平均気温(℃),平均気温(℃),平均気温(℃),平均気温(℃),平均気温(℃),平均気温(℃),平均気温(℃),平均気温(℃),平均気温(℃),平均気温(℃),平均気温(℃),平均気温(℃),平均気温(℃),平均気温(℃),平均気温(℃),平均気温(℃),平均気温(℃)
,,品質情報,均質番号,,品質情報,均質番号,,品質情報,均質番号,,品質情報,均質番号,,品質情報,均質番号,,品質情報,均質番号,,品質情報,均質番号,,品質情報,均質番号,,品質情報,均質番号,,品質情報,均質番号,,品質情報,均質番号,,品質情報,均質番号,,品質情報,均質番号,,品質情報,均質番号,,品質情報,均質番号
Jan-80,15.4,8,1,14.1,8,1,15,8,1,14.5,8,1,16.3,8,1,14.8,8,1,16.1,8,1,17.2,8,1,17.3,8,1,17.9,8,1,18,8,1,17.7,8,1,17.8,8,1,18.4,8,1,17.9,8,1
Feb-80,14.2,8,1,12.8,8,1,14.2,8,1,13.7,8,1,15.1,8,1,13.8,8,1,15.5,8,1,16.6,8,1,16.9,8,1,17.6,8,1,18.1,8,1,17.3,5,1,17.6,8,1,18.4,8,1,17.9,8,1
Mar-80,18,8,1,16.7,5,1,18.2,8,1,17.4,8,1,19.1,8,1,17.5,8,1,19.2,8,1,19.4,8,1,20.5,8,1,21.3,8,1,21.9,8,1,21.4,8,1,21.4,8,1,22.1,8,1,21.6,8,1
Apr-80,19.7,8,1,18.1,8,1,19.8,8,1,18.9,8,1,20.5,8,1,19,8,1,20.9,8,1,21.7,8,1,21.7,8,1,22.6,8,1,23.4,8,1,22.9,8,1,22.7,8,1,23.3,8,1,22.6,8,1
May-80,22.7,5,1,21.7,8,1,23.6,8,1,22.1,8,1,23.9,8,1,22.2,8,1,24.2,8,1,24.4,8,1,24.6,8,1,25.3,8,1,26.2,8,1,25.6,8,1,25.3,8,1,25.8,8,1,25.3,8,1
Jun-80,27,8,1,25.7,8,1,27.3,8,1,25.6,8,1,27.6,8,1,25.7,8,1,27.9,8,1,27,8,1,27.6,8,1,28.1,8,1,29,8,1,28.3,8,1,27.8,8,1,28.4,8,1,28,8,1
Jul-80,28.5,8,1,26.8,8,1,28.5,8,1,26.9,8,1,28.7,8,1,27,5,1,29.1,8,1,28.5,8,1,28.6,8,1,28.9,8,1,29.8,8,1,28.9,8,1,28.4,8,1,29,8,1,28.8,8,1
Aug-80,28.4,5,1,26.6,8,1,27.8,8,1,27.1,8,1,28.8,8,1,27.1,8,1,28.3,8,1,29,8,1,28.4,8,1,28.9,8,1,29.7,8,1,28.7,8,1,28,8,1,29,8,1,28.6,8,1
Sep-80,27.2,8,1,25.5,8,1,26.6,8,1,25.4,8,1,27.3,8,1,25.9,5,1,27.2,8,1,27.8,8,1,26.9,8,1,27.2,8,1,28,8,1,27.1,8,1,26.8,8,1,27.4,8,1,27.2,8,1
Oct-80,24,8,1,22.2,8,1,23.2,8,1,22.4,8,1,24.2,8,1,22.7,5,1,24.4,8,1,25.1,8,1,24.5,8,1,24.9,5,1,25.5,8,1,24.8,8,1,24.6,8,1,25.2,8,1,25,8,1
Nov-80,21.3,8,1,19.9,8,1,21.1,8,1,20.2,8,1,21.8,8,1,20.6,8,1,22.5,8,1,23.1,8,1,22.9,8,1,23.4,8,1,23.5,8,1,23.3,8,1,23.2,8,1,23.5,8,1,23.3,8,1
Dec-80,15.9,8,1,14.5,5,1,15,8,1,14.8,8,1,16.8,8,1,15.4,8,1,16.6,8,1,17.6,8,1,17.6,8,1,18,8,1,18.2,8,1,17.6,8,1,17.8,8,1,18.4,8,1,18,8,1
Jan-81,14.2,8,1,12.8,8,1,13.6,8,1,13.3,8,1,15,8,1,13.8,5,1,15.2,8,1,15.8,8,1,16.4,8,1,17.1,8,1,17.4,8,1,16.4,8,1,16.9,8,1,17.4,8,1,17.3,8,1
Feb-81,15.5,8,1,14,8,1,15.2,8,1,14.7,8,1,16.3,8,1,14.9,8,1,16.4,8,1,17,8,1,17.3,8,1,18.1,8,1,18.6,8,1,18.1,8,1,18.3,8,1,18.9,8,1,18.6,8,1
Mar-81,18,8,1,16.6,5,1,18.1,8,1,17.2,8,1,18.9,8,1,17.4,8,1,19.3,8,1,19.2,8,1,19.9,8,1,20.8,8,1,21.2,8,1,20.8,8,1,20.8,8,1,21.2,8,1,21,8,1
Apr-81,20.5,8,1,19.2,5,1,20.8,8,1,19.7,8,1,21.6,8,1,19.9,5,1,21.8,8,1,21.8,8,1,22.6,8,1,23.3,5,1,23.9,8,1,23.5,8,1,23.5,8,1,23.9,8,1,23.7,8,1
May-81,21.5,8,1,20.1,5,1,21.6,8,1,20.9,8,1,22.6,8,1,20.6,8,1,22.6,8,1,23.4,8,1,23.6,8,1,24,8,1,24.6,8,1,24.1,8,1,24,8,1,24.5,8,1,24,8,1
Jun-81,25,8,1,24,8,1,25.6,8,1,23.8,8,1,26.1,8,1,23.7,8,1,25.6,8,1,25.8,8,1,25.8,8,1,26.2,8,1,26.8,8,1,26.5,8,1,26.3,8,1,26.6,8,1,26.1,8,1
Jul-81,27.2,8,1,25.9,8,1,27.8,8,1,26,8,1,28.1,8,1,25.9,8,1,27.8,8,1,27.6,8,1,27.5,8,1,27.7,8,1,28.4,8,1,27.8,8,1,27.6,8,1,28.1,8,1,27.8,8,1
Aug-81,28.2,5,1,26.3,5,1,28.1,8,1,26.4,8,1,28.6,8,1,26.5,5,1,28.4,8,1,28.1,8,1,28.5,8,1,28.5,8,1,29.3,8,1,28.1,8,1,28.1,8,1,28.6,8,1,28.5,8,1
Sep-81,26,5,1,24.4,5,1,26,8,1,24.8,8,1,26.8,8,1,24.5,8,1,26.3,8,1,26.6,8,1,27,8,1,27,8,1,27.7,8,1,26.9,8,1,27,8,1,27.4,8,1,27.1,8,1
Oct-81,23.7,5,1,21.9,5,1,23.5,8,1,22.2,8,1,24.5,8,1,22.4,5,1,24.4,8,1,24.2,8,1,24.9,8,1,25.1,8,1,25.6,8,1,24.7,8,1,24.6,8,1,25.5,8,1,25.2,8,1
Nov-81,20.2,8,1,18.8,8,1,20,8,1,19,8,1,21.1,8,1,19.3,5,1,20.8,8,1,22,8,1,21.7,8,1,21.8,8,1,22.1,8,1,21.5,8,1,21.6,8,1,22.3,8,1,21.9,8,1
Dec-81,16.5,8,1,15,8,1,16,8,1,15.2,8,1,17.3,8,1,15.5,8,1,17,8,1,18.4,8,1,18.1,8,1,18,8,1,18,8,1,17.5,8,1,17.7,8,1,18.5,8,1,18.2,8,1
Jan-82,14.6,8,1,13.2,5,1,14,8,1,13.5,8,1,15.6,8,1,14,8,1,14.9,8,1,16.1,8,1,16.6,8,1,17,8,1,17.2,8,1,16.4,8,1,16.9,8,1,17.7,8,1,17.3,8,1
Feb-82,16,8,1,14.6,8,1,16.2,8,1,15,8,1,16.9,8,1,15.2,8,1,16.9,8,1,17.6,8,1,18.6,8,1,18.7,5,1,19.1,8,1,18.6,8,1,18.8,8,1,19.5,8,1,18.6,8,1
Mar-82,18.5,8,1,17,8,1,19.1,8,1,17.8,8,1,19.8,8,1,17.9,5,1,19.7,8,1,19.7,8,1,21,8,1,21,8,1,21.7,8,1,21.2,8,1,21.2,8,1,21.8,8,1,21.4,8,1
Apr-82,19.2,8,1,17.7,8,1,19.2,8,1,18.1,8,1,20.2,8,1,18.2,5,1,19.8,8,1,20.1,8,1,20.9,8,1,20.9,8,1,21.5,8,1,20.7,8,1,20.7,8,1,21.6,8,1,21.2,8,1
May-82,23.1,8,1,21.9,5,1,23.9,8,1,22.7,8,1,24.7,8,1,22.5,8,1,24.3,8,1,24.4,8,1,25.2,8,1,25,8,1,25.8,8,1,25.5,8,1,25.4,8,1,26,8,1,25.7,8,1
Jun-82,24.1,8,1,22.9,8,1,25,8,1,23.4,8,1,25.5,8,1,23.4,8,1,25.3,8,1,25.3,8,1,26,8,1,26.3,5,1,26.9,8,1,26.4,8,1,26.3,8,1,26.9,8,1,26.4,8,1
Jul-82,27.3,8,1,26.2,8,1,28.2,8,1,26.4,8,1,28.6,8,1,26.3,8,1,28.4,8,1,27.8,8,1,28.5,8,1,28.5,8,1,29.3,8,1,28.8,8,1,28.3,8,1,29,8,1,28.5,8,1
Aug-82,27.2,8,1,25.6,8,1,27.5,8,1,25.9,8,1,28,8,1,26,8,1,27.8,8,1,27.1,8,1,27.8,8,1,27.7,5,1,28.3,8,1,27.8,5,1,27.4,8,1,27.9,5,1,27.5,8,1
Sep-82,25.8,8,1,24.2,5,1,25.8,8,1,24.5,8,1,26.7,8,1,24.7,8,1,26.3,8,1,26.1,8,1,27.1,8,1,27.3,5,1,27.7,8,1,26.8,8,1,26.8,8,1,27.3,8,1,27.2,8,1
Oct-82,23.3,8,1,22.2,5,1,23.1,8,1,22,8,1,24.2,8,1,22.3,8,1,23.8,8,1,24.1,8,1,25,8,1,25.1,8,1,25.5,8,1,24.9,8,1,24.8,8,1,25.4,8,1,25.1,8,1
Nov-82,21.4,8,1,20.1,8,1,21.5,8,1,20.2,8,1,22.5,8,1,20.7,8,1,22.3,8,1,22.9,8,1,23.2,8,1,23.3,8,1,23.6,8,1,23,8,1,22.8,8,1,23.5,8,1,23,8,1
Dec-82,17.3,8,1,15.9,8,1,16.9,8,1,15.9,8,1,18.1,8,1,16.7,8,1,18.1,8,1,19.2,8,1,19.3,8,1,19.5,8,1,19.6,8,1,19.2,8,1,19.3,8,1,20,8,1,19.5,8,1
Jan-83,16.2,8,1,14.7,5,1,15.9,8,1,15,8,1,17.1,8,1,15.5,8,1,17.1,8,1,18.1,8,1,18,8,1,18.2,8,1,18.5,8,1,17.9,8,1,18,8,1,18.8,5,1,18.3,8,1
Feb-83,15,8,1,13.5,8,1,15,8,1,13.8,8,1,15.9,8,1,14.2,5,1,16.1,8,1,17.2,8,1,17.2,8,1,17.6,8,1,18,8,1,17.6,5,1,17.7,8,1,18.5,8,1,17.9,8,1
Mar-83,17.2,8,1,15.8,5,1,17.6,8,1,16.4,8,1,18.4,8,1,16.5,8,1,18.1,8,1,19,8,1,19.4,8,1,19.4,8,1,20,8,1,19.4,5,1,19.8,8,1,20.1,8,1,19.5,8,1
Apr-83,21.6,8,1,20.6,8,1,22.5,8,1,21.1,8,1,23,8,1,21.1,5,1,22.8,8,1,23.3,8,1,24.3,8,1,24.2,8,1,25,8,1,24.2,5,1,24.1,8,1,24.6,8,1,24.2,8,1
May-83,23,8,1,21.9,8,1,23.8,8,1,22.3,8,1,24.3,8,1,22.4,8,1,24.5,8,1,24.6,8,1,25.2,8,1,25.4,8,1,26.2,8,1,25.6,8,1,25.3,8,1,25.9,8,1,25.6,8,1
Jun-83,24.9,5,1,23.9,8,1,26,8,1,24.3,8,1,26.3,8,1,24.4,8,1,26.5,8,1,26.9,8,1,27.6,8,1,27.8,8,1,28.3,8,1,28,8,1,27.8,8,1,28.2,8,1,27.8,8,1
Jul-83,27.4,8,1,26.5,8,1,28.5,8,1,26.6,8,1,28.7,8,1,26.7,8,1,28.8,8,1,28.5,8,1,29.5,8,1,29.5,8,1,30.2,8,1,29.6,8,1,29.1,8,1,30,8,1,29.4,8,1
Aug-83,27.6,8,1,26.3,8,1,28.2,8,1,26.4,8,1,28.6,8,1,26.6,8,1,28.4,8,1,28.4,8,1,28.6,8,1,28.6,8,1,29.4,8,1,28.5,8,1,28.2,8,1,29.2,8,1,28.4,8,1
Sep-83,27.3,5,1,25.8,8,1,27.8,8,1,26,8,1,28.2,8,1,26.4,5,1,27.8,8,1,28.4,8,1,28.2,8,1,28.4,8,1,29.2,8,1,28.3,8,1,27.8,8,1,28.8,8,1,28.3,8,1
Oct-83,25.2,8,1,23.6,8,1,25.4,8,1,24.1,8,1,26.2,8,1,24,5,1,25.9,8,1,26.1,8,1,26.5,8,1,26.5,8,1,27.2,8,1,26.4,8,1,26.1,8,1,27,8,1,26.4,8,1
Nov-83,20.1,8,1,18.5,5,1,19.9,8,1,18.5,8,1,21,8,1,19.3,8,1,21,8,1,21.4,8,1,21.8,8,1,21.5,8,1,21.9,8,1,21.3,8,1,21.7,8,1,22.3,8,1,21.9,8,1
Dec-83,15.8,8,1,14.4,8,1,15.5,8,1,14.7,8,1,17,8,1,15.4,8,1,16.5,8,1,17.7,8,1,18,8,1,17.9,8,1,18.2,8,1,17.5,8,1,17.9,8,1,18.8,8,1,18,8,1
Jan-84,14,8,1,12.7,8,1,13.8,8,1,13.1,8,1,15.2,8,1,13.6,8,1,15.1,8,1,16.3,8,1,16.8,8,1,16.8,8,1,17.4,8,1,16.6,8,1,16.7,8,1,17.9,8,1,16.9,8,1
Feb-84,14.3,8,1,12.9,8,1,14.6,8,1,13.5,8,1,15.6,8,1,13.7,8,1,15.3,8,1,16.8,8,1,16.9,8,1,16.9,8,1,17.5,8,1,16.8,8,1,17.1,8,1,17.9,8,1,17.2,8,1
Mar-84,16.1,8,1,14.9,8,1,16.5,8,1,15.6,8,1,17.5,8,1,15.7,8,1,17.5,8,1,18.1,8,1,19.3,8,1,19.5,8,1,20.2,8,1,19.9,5,1,19.6,8,1,20.3,5,1,19.9,8,1
Apr-84,19.7,8,1,18.3,8,1,20.3,8,1,18.7,8,1,20.7,8,1,18.9,8,1,21.2,8,1,20.5,8,1,21.9,8,1,22.1,8,1,22.8,8,1,22.1,5,1,22,8,1,22.8,8,1,22.4,8,1
May-84,22.1,8,1,20.9,8,1,22.8,8,1,21.2,8,1,23.2,8,1,21.4,5,1,23.4,8,1,23,8,1,23.8,8,1,23.8,8,1,24.6,8,1,24,8,1,24,8,1,24.5,8,1,24.4,8,1
Jun-84,25.7,8,1,24.7,5,1,26.8,8,1,24.8,8,1,27,8,1,24.8,8,1,27,8,1,26.7,8,1,27.2,8,1,27.1,8,1,28,8,1,27.5,5,1,27.3,8,1,27.8,8,1,27.6,8,1
Jul-84,27.7,8,1,26.6,5,1,28.2,8,1,26.8,5,1,28.5,8,1,26.7,8,1,28.4,8,1,28.6,8,1,28.7,8,1,28.4,8,1,29.4,8,1,28.3,5,1,28.1,8,1,28.8,5,1,28.7,8,1
Aug-84,27.4,5,1,26.1,5,1,28,8,1,26.4,8,1,28.2,8,1,26.2,8,1,28.4,8,1,27.9,8,1,28.2,8,1,28.1,8,1,28.7,8,1,27.9,8,1,27.6,8,1,28.2,5,1,28.1,8,1
Sep-84,26.6,8,1,25.2,8,1,26.7,8,1,25.5,8,1,27.3,8,1,25.5,5,1,27.4,8,1,27.5,8,1,27.5,8,1,27.1,8,1,28.1,8,1,27,8,1,26.8,8,1,27.6,8,1,27.5,8,1
Oct-84,23.5,8,1,22.1,8,1,23.6,8,1,22.2,8,1,24.3,8,1,22.5,8,1,24.4,8,1,24.8,8,1,25.2,8,1,25,8,1,25.6,8,1,24.7,5,1,24.8,8,1,25.5,8,1,25.3,8,1
Nov-84,21.2,5,1,20.2,8,1,21.5,8,1,20.3,8,1,22.3,8,1,20.5,8,1,22.5,8,1,23.1,8,1,22.7,8,1,23,8,1,23.5,8,1,22.7,8,1,22.8,8,1,23.5,8,1,23,8,1
Dec-84,17.3,8,1,16,8,1,17.2,8,1,16.1,8,1,18.3,8,1,16.6,8,1,18.2,8,1,19.3,8,1,19.4,8,1,19,5,1,19.5,8,1,18.7,8,1,18.9,8,1,19.8,8,1,19.2,8,1
Jan-85,15,8,1,13.8,8,1,14.9,8,1,14.2,8,1,16.2,8,1,14.7,8,1,16.3,8,1,17.2,8,1,17.7,8,1,17.8,8,1,18.3,8,1,17.4,8,1,17.5,8,1,18.6,8,1,17.7,8,1
Feb-85,16.2,8,1,15,8,1,16.5,8,1,15.4,8,1,17.3,8,1,15.7,8,1,17.3,8,1,17.8,8,1,18.5,8,1,18.8,8,1,19.4,8,1,18.8,8,1,19,8,1,19.7,8,1,19.3,8,1
Mar-85,18.1,8,1,17,8,1,18.9,8,1,17.6,8,1,19.4,8,1,17.5,4,1,19.5,8,1,20.4,8,1,20.4,8,1,20.3,8,1,21.2,8,1,20.3,5,1,20.4,8,1,21.4,8,1,20.7,8,1
Apr-85,19.3,8,1,18,8,1,19.5,8,1,18.1,8,1,20.2,8,1,18.4,8,1,20.4,8,1,20.4,8,1,21.3,8,1,21.6,8,1,22.4,8,1,21.4,8,1,21.5,8,1,22.2,8,1,22,8,1
May-85,23.1,8,1,22.1,8,1,24.2,8,1,22.6,8,1,24.6,8,1,22.4,8,1,24.7,8,1,24.2,8,1,25.5,8,1,25.7,8,1,26.5,8,1,25.7,8,1,25.7,8,1,26.6,8,1,26.3,8,1
Jun-85,24.5,8,1,23.4,5,1,25.5,8,1,23.9,8,1,25.9,8,1,23.9,8,1,26.1,8,1,25.6,8,1,26.7,8,1,26.5,8,1,27.3,8,1,26.5,8,1,26.4,8,1,27,8,1,26.9,8,1
Jul-85,27.9,8,1,26,8,1,27.8,8,1,25.8,8,1,28,8,1,26,8,1,28,8,1,27.5,8,1,27.9,8,1,27.9,8,1,28.6,8,1,27.8,4,1,27.6,8,1,28.1,8,1,28.1,8,1
Aug-85,27.6,8,1,25.5,5,1,27.4,8,1,25.5,8,1,27.5,8,1,25.7,8,1,27.6,8,1,27.3,8,1,27.5,8,1,27.5,8,1,28.2,8,1,27.1,5,1,27.4,8,1,27.6,8,1,27.8,8,1
Sep-85,27.3,8,1,25.3,8,1,26.9,8,1,25.2,8,1,27.3,8,1,25.5,8,1,27.2,8,1,27.1,8,1,26.9,8,1,26.9,8,1,27.6,8,1,26.8,8,1,26.6,8,1,27,8,1,27.2,8,1
Oct-85,25.2,8,1,23.1,8,1,24.7,8,1,23.4,8,1,25.4,8,1,23.6,8,1,25.2,8,1,25.8,8,1,25.6,8,1,25.7,8,1,26.3,8,1,25.6,5,1,25.3,8,1,26.1,8,1,25.9,8,1
Nov-85,20.3,8,1,18.4,8,1,18.9,8,1,19,8,1,20.5,8,1,19.1,8,1,20.4,8,1,21.1,8,1,21.6,8,1,21.9,8,1,22.3,8,1,21.4,8,1,21.2,8,1,22.5,8,1,22.3,8,1
Dec-85,17.2,8,1,15.4,8,1,16.9,8,1,16,8,1,17.7,8,1,16.1,8,1,17.9,8,1,19.1,8,1,18.9,8,1,19,8,1,19.4,8,1,18.9,8,1,19,8,1,19.9,8,1,19.5,8,1
Jan-86,14.4,8,1,12.5,8,1,13.5,8,1,13.2,8,1,15,8,1,13.4,8,1,14.6,8,1,15.9,8,1,16.1,8,1,16.4,8,1,16.7,8,1,16,8,1,16.4,8,1,17.4,8,1,16.9,8,1
Feb-86,13.8,8,1,12,8,1,13.5,8,1,12.9,8,1,14.6,8,1,12.9,8,1,14.4,8,1,16.1,8,1,15.8,8,1,15.9,8,1,16.3,8,1,15.7,8,1,16,8,1,16.9,8,1,16.3,8,1
Mar-86,16.6,8,1,14.6,8,1,16.1,8,1,15.6,8,1,17.1,8,1,15.3,8,1,16.9,8,1,18.2,8,1,18.1,8,1,18.6,8,1,19.1,8,1,18.4,8,1,18.5,8,1,19.2,8,1,19,8,1
Apr-86,20.4,8,1,17.1,8,1,20.6,8,1,19.8,8,1,21.3,8,1,19.3,8,1,21.3,8,1,21.5,8,1,22.4,8,1,22.7,8,1,23.4,8,1,23,8,1,22.9,8,1,23.6,8,1,23.1,8,1
May-86,22.7,8,1,20.8,8,1,22.6,8,1,21.8,8,1,23.4,8,1,21.4,8,1,23.4,8,1,23.8,8,1,24.5,8,1,24.7,8,1,25.3,8,1,24.5,8,1,24.4,8,1,25.3,8,1,25,8,1
Jun-86,25.8,8,1,24,8,1,26.1,8,1,24.8,8,1,26.5,8,1,24.4,8,1,26.6,8,1,26.2,8,1,26.8,8,1,26.9,8,1,27.7,8,1,27.2,5,1,26.8,8,1,27.5,8,1,27.3,8,1
Jul-86,28.4,8,1,26.4,8,1,28.5,8,1,27.1,8,1,28.8,8,1,26.6,8,1,28.9,8,1,28.9,8,1,28.6,8,1,28.6,8,1,29.3,8,1,28.6,5,1,27.9,8,1,28.9,8,1,28.6,8,1
Aug-86,28,5,1,25.9,5,1,27.8,8,1,26.7,8,1,28.3,8,1,26.3,5,1,28.2,8,1,27.8,8,1,28.4,8,1,28.6,8,1,29.1,8,1,28.2,5,1,27.8,8,1,28.7,8,1,28.6,8,1
Sep-86,27.1,8,1,25,8,1,26.7,8,1,25.9,8,1,27.3,8,1,25.3,8,1,27,8,1,27.5,8,1,27.2,8,1,26.9,8,1,27.6,8,1,26.8,4,1,26.4,8,1,27.2,8,1,26.8,8,1
Oct-86,23.7,8,1,21.4,8,1,22.9,8,1,22.3,8,1,23.8,8,1,22.1,8,1,23.9,8,1,24.6,8,1,24.6,8,1,24.6,8,1,25.1,8,1,24.4,8,1,24,8,1,25.1,8,1,24.7,8,1
Nov-86,21.1,8,1,19.1,8,1,20.7,8,1,19.9,8,1,21.4,8,1,19.9,8,1,21.8,8,1,22.6,8,1,22.4,8,1,22.7,8,1,22.9,8,1,22.3,8,1,22.1,8,1,23.2,8,1,22.8,8,1
Dec-86,18,8,1,16.1,8,1,17.2,8,1,16.8,8,1,18.4,8,1,16.8,8,1,18.1,8,1,19.7,8,1,19.3,8,1,19.5,8,1,19.8,8,1,19.1,8,1,19.1,8,1,20.1,8,1,19.7,8,1
Jan-87,15.5,8,1,13.7,8,1,14.7,8,1,14.6,8,1,16.1,8,1,14.7,8,1,15.8,8,1,16.7,8,1,17.5,8,1,17.8,8,1,18.3,8,1,17.6,8,1,17.4,8,1,18.6,8,1,18.1,8,1
Feb-87,15.8,8,1,14,8,1,15.5,8,1,15,8,1,16.6,8,1,15.1,5,1,16.2,8,1,17.3,8,1,18.2,8,1,18.4,8,1,19,8,1,18.4,8,1,18.3,8,1,19.3,8,1,18.9,8,1
Mar-87,18.3,8,1,16.6,5,1,18.6,8,1,17.7,8,1,19.3,8,1,17.3,8,1,19.1,8,1,20.3,8,1,20.6,8,1,20.8,8,1,21.4,8,1,20.9,8,1,20.9,8,1,21.6,8,1,21.1,8,1
Apr-87,21,5,1,19.3,8,1,21.1,8,1,20.2,8,1,21.8,8,1,19.6,8,1,21.6,8,1,22.3,8,1,22.9,8,1,22.6,8,1,23.4,8,1,22.7,8,1,22.7,8,1,23.4,8,1,22.9,8,1
May-87,23.5,8,1,21.7,8,1,23.8,8,1,22.7,8,1,24.4,8,1,22.3,8,1,24.2,8,1,24.7,8,1,25.1,8,1,24.8,5,1,25.7,8,1,25,8,1,24.9,8,1,25.7,8,1,25.4,8,1
Jun-87,25.2,8,1,23.3,8,1,25.2,8,1,24.1,5,1,25.9,8,1,23.7,5,1,25.6,8,1,26.4,8,1,26.2,8,1,26.5,8,1,27.3,8,1,26.6,5,1,26.5,8,1,27.2,8,1,26.9,8,1
Jul-87,28.2,8,1,26.3,8,1,28.5,8,2,26.7,8,1,28.7,8,1,26.2,8,1,28.5,8,1,28.7,8,1,28.2,8,1,28.4,8,1,29.2,8,1,28.7,5,1,28.3,8,1,29,8,1,28.8,8,1
Aug-87,28.8,5,1,26.3,8,1,28.8,8,2,27,8,1,28.7,8,1,26.7,5,1,28.8,8,1,28.6,8,1,28.5,8,1,28.4,8,1,29.4,8,1,28.7,8,1,28.2,8,1,29,5,1,29.2,8,1
Sep-87,26.5,5,1,24.4,8,1,26.6,8,2,25.2,8,1,27.2,8,1,24.9,8,1,26.7,8,1,27.7,8,1,27,8,1,26.5,8,1,27.3,8,1,26.3,5,1,26.3,8,1,26.9,8,1,26.8,8,1
Oct-87,25.6,8,1,23.4,8,1,25.5,8,2,23.7,5,1,26.1,8,1,24.1,5,1,25.8,8,1,26,8,1,26.5,8,1,26.1,8,1,26.8,8,1,25.8,8,1,25.9,8,1,26.4,8,1,26.4,8,1
Nov-87,22.6,8,1,20.5,5,1,22.6,8,2,21.3,8,1,23.1,8,1,21.5,8,1,23.1,8,1,23.7,8,1,23.7,8,1,23.6,8,1,24.2,8,1,23.5,8,1,23.3,8,1,24.2,8,1,23.7,8,1
Dec-87,18.2,8,1,16.1,8,1,17.8,8,2,16.9,8,1,18.7,8,1,17.2,8,1,18.7,8,1,19,8,1,19.6,8,1,19.6,8,1,20,8,1,19.3,8,1,19.4,8,1,20.2,8,1,19.7,8,1
Jan-88,17.7,5,1,15.8,8,1,17.9,8,2,16.8,8,1,18.5,8,1,16.8,5,1,18.5,8,1,19.1,8,1,19.7,8,1,19.7,8,1,20,8,1,19.5,8,1,19.6,8,1,20.3,8,1,20,8,1
Feb-88,16.8,8,1,14.7,8,1,17,8,2,16,8,1,17.6,8,1,15.9,5,1,17.6,8,1,18.5,8,1,19.2,8,1,19.3,8,1,19.8,8,1,19.1,8,1,19.1,8,1,20.1,5,1,19.3,8,1
Mar-88,18.1,5,1,16.4,8,1,18.8,8,2,17.6,8,1,19.2,8,1,17.4,8,1,19.2,8,1,20.7,8,1,20.3,8,1,20.4,8,1,21.1,8,1,20.6,8,1,20.5,8,1,21.3,8,1,20.4,8,1
Apr-88,20.1,8,1,18,8,1,20.2,8,2,18.9,8,1,20.6,8,1,18.8,8,1,20.7,8,1,20.7,8,1,21.2,8,1,21.7,8,1,22.2,8,1,21.7,8,1,21.4,8,1,22.2,8,1,22,8,1
May-88,22.9,8,1,21.1,8,1,23.3,8,2,22.1,8,1,23.6,8,1,21.7,8,1,23.6,8,1,23.6,8,1,25.4,8,1,25.9,8,1,26.8,8,1,26.2,8,1,26,8,1,26.5,8,1,26.4,8,1
Jun-88,26.2,8,1,24.7,8,1,26.9,8,2,25.7,8,1,27.4,8,1,25.2,8,1,27.3,8,1,26.6,8,1,27.7,8,1,28,8,1,28.7,8,1,28.2,8,1,28,8,1,28.4,8,1,28.2,8,1
Jul-88,29.2,8,1,27,8,1,29.4,8,2,28,8,1,29.7,8,1,27.3,8,1,29.5,8,1,29.1,8,1,29.6,8,1,29.4,8,1,30.2,8,1,29.4,8,1,29.1,8,1,29.8,8,1,29.6,8,1
Aug-88,28,8,1,25.9,8,1,28,8,2,26.3,5,1,28.3,8,1,26.3,8,1,28.1,8,1,28,8,1,28.5,8,1,28.2,8,1,29.2,8,1,28,8,1,27.8,8,1,28.4,8,1,28.5,8,1
Sep-88,27.2,8,1,25,8,1,27.2,8,2,25.5,8,1,27.7,8,1,25.6,8,1,27.2,8,1,27.4,8,1,27.4,8,1,27.4,8,1,28,8,1,26.9,8,1,26.9,8,1,27.5,8,1,27.3,8,1
Oct-88,24.8,8,1,22.4,8,1,24.6,8,2,23,8,1,25,8,1,22.9,8,1,25,8,1,25.4,8,1,25.2,8,1,25.2,8,1,25.7,8,1,25,5,1,25.1,8,1,25.5,8,1,25.7,8,1
Nov-88,19.5,8,1,17.4,8,1,19.2,8,2,18,8,1,20.1,8,1,18.3,8,1,19.9,8,1,20.7,8,1,20.8,8,1,20.8,8,1,21.2,8,1,20.5,8,1,20.6,8,1,21.3,8,1,20.9,8,1
Dec-88,17.6,8,1,15.3,8,1,16.9,8,2,16.1,8,1,17.9,8,1,16.3,8,1,17.8,8,1,18.4,8,1,19,8,1,18.9,8,1,19,8,1,18.3,5,1,18.5,8,1,19.4,8,1,18.9,8,1
Jan-89,17.4,8,1,15.3,8,1,17.2,8,2,16,8,1,17.8,8,1,15.9,5,1,17.8,8,1,18.7,8,1,18.8,8,1,19,8,1,19.5,8,1,18.7,8,1,18.9,8,1,19.7,8,1,19.1,8,1
Feb-89,17.3,8,1,15.1,8,1,17,8,2,15.9,8,1,17.7,8,1,15.7,5,1,17.5,8,1,18.2,8,1,18.5,8,1,18.5,8,1,19.1,8,1,18.4,8,1,18.3,8,1,19.2,8,1,18.8,8,1
Mar-89,17.3,8,1,15,8,1,17.1,8,2,15.9,8,1,17.8,8,1,15.8,5,1,17.9,8,1,18.6,8,1,18.6,8,1,18.8,8,1,19.4,8,1,18.7,8,1,18.8,8,1,19.4,8,1,19.1,8,1
Apr-89,20.5,8,1,18.6,8,1,20.8,8,2,19.5,8,1,21.3,8,1,19.4,8,1,21.5,8,1,21.9,8,1,22.2,8,1,22.4,8,1,23.1,8,1,22.5,8,1,22.6,8,1,23,8,1,22.9,8,1
May-89,22.7,8,1,21.1,8,1,23.2,8,2,21.8,8,1,23.7,8,1,21.5,8,1,23.5,8,1,23.9,8,1,24.4,8,1,24.5,8,1,25.1,8,1,24.5,8,1,24.4,8,1,24.9,8,1,24.7,8,1
Jun-89,25.6,8,1,24.2,4,1,26.3,8,2,24.7,8,1,26.6,8,1,24.4,8,1,26.6,8,1,26.2,8,1,27.3,8,1,27.1,8,1,28,8,1,27.3,8,1,27.2,8,1,27.8,8,1,27.6,8,1
Jul-89,27.7,8,1,25.9,8,1,28.2,8,2,26.5,8,1,28.6,8,1,26.1,8,1,28.2,8,1,28,8,1,28.5,8,1,28.7,8,1,29.7,8,1,28.7,8,1,28.6,8,1,29.3,8,1,29.1,8,1
Aug-89,27.4,8,1,25.5,8,1,27.8,8,2,26.2,8,1,28.1,8,1,26,8,1,27.9,8,1,28,8,1,28.3,8,1,28.1,8,1,29.2,8,1,27.8,8,1,28,8,1,28.5,8,1,28.2,8,1
Sep-89,26.8,8,1,24.9,5,1,27.2,8,2,25.5,8,1,27.5,8,1,25.5,8,1,27.4,8,1,27.5,8,1,27.5,8,1,27.5,8,1,28.2,8,1,27.3,5,1,26.9,8,1,27.8,8,1,27.4,8,1
Oct-89,24,8,1,21.6,5,1,23.7,8,2,22.3,8,1,24.4,8,1,22.4,8,1,24.4,8,1,25.2,8,1,24.7,8,1,24.5,8,1,25,8,1,24.1,8,1,24.2,8,1,25.1,8,1,24.6,8,1
Nov-89,20.7,8,1,18.7,8,1,20.8,8,2,19.4,8,1,21.3,8,1,19.5,8,1,21.4,8,1,22.2,8,1,21.7,8,1,21.7,8,1,22.2,8,1,21.4,8,1,21.2,8,1,22.2,8,1,21.6,8,1
Dec-89,17.3,8,1,15.5,8,1,17.2,8,2,16,8,1,17.9,8,1,16.4,5,1,17.9,8,1,18.8,8,1,18.8,8,1,18.7,8,1,19.2,8,1,18.5,5,1,18.2,8,1,19.4,8,1,19,8,1
Jan-90,15.8,8,1,13.9,8,1,15.9,8,2,14.7,8,1,16.5,8,1,14.9,8,1,16.6,8,1,17.8,8,1,17.8,8,1,18.2,8,1,18.5,8,1,18.3,5,1,18,8,1,18.8,8,1,18.4,8,1
Feb-90,17.4,8,1,15.8,8,1,17.9,8,2,16.6,8,1,18.5,8,1,16.7,8,1,18.6,8,1,19,8,1,19.5,8,1,19.9,8,1,20.3,8,1,20,8,1,19.7,8,1,20.3,5,1,20.3,8,1
Mar-90,18,8,1,16.1,8,1,18.2,8,2,17,8,1,19,8,1,17,8,1,18.8,8,1,19,8,1,19.8,8,1,19.9,8,1,20.4,8,1,19.6,8,1,19.6,8,1,20.1,8,1,20,8,1
Apr-90,19.3,8,1,17.4,8,1,19.7,8,2,18.2,8,1,20.2,8,1,18.3,8,1,20.2,8,1,20.5,8,1,21.4,8,1,21.6,8,1,22.2,8,1,21.7,8,1,21.7,8,1,22,8,1,21.9,8,1
May-90,22.5,8,1,20.7,5,1,23.2,8,2,21.8,8,1,23.8,8,1,21.7,8,1,23.7,8,1,23.3,8,1,24.9,8,1,24.8,8,1,25.6,8,1,25.2,8,1,25,8,1,24.8,8,1,25,8,1
Jun-90,26.2,8,1,24.6,8,1,27,8,2,25.3,8,1,27.2,8,1,25,8,1,27.2,8,1,26.5,8,1,27.3,8,1,27.2,8,1,28,8,1,27.5,8,1,27.3,8,1,27.5,8,1,27.4,8,1
Jul-90,28.8,8,1,26.6,8,1,29.1,8,2,27.2,8,1,29.3,8,1,26.8,8,1,29,8,1,29,8,1,28.6,8,1,28.4,8,1,29.4,8,1,28.5,8,1,28.2,8,1,28.4,8,1,28.3,8,1
Aug-90,28.4,8,1,26.4,8,1,28.8,8,2,26.9,8,1,29,8,1,26.8,5,1,29,8,1,28.3,8,1,28.5,8,1,28.3,5,1,29.1,8,1,28.3,8,1,28.3,8,1,28.4,8,1,28.4,8,1
Sep-90,26.8,8,1,24.8,8,1,27.3,8,2,25.6,8,1,27.4,8,1,25,8,1,27.1,8,1,27.3,8,1,26.6,8,1,26.6,5,1,27.4,8,1,26.5,8,1,26.5,8,1,26.8,8,1,26.6,8,1
Oct-90,23.5,5,1,21.6,8,1,23.7,8,2,22.3,8,1,24.2,8,1,21.9,5,1,24.1,8,1,25.2,8,1,24.4,8,1,24.6,8,1,25.1,8,1,24.3,8,1,24.4,8,1,25,8,1,24.7,8,1
Nov-90,21.8,8,1,19.9,8,1,21.8,8,2,20.7,8,1,22.4,8,1,20.6,8,1,22.6,8,1,23.5,8,1,23.1,8,1,23.3,8,1,23.7,8,1,23,8,1,22.9,8,1,23.7,8,1,23.4,8,1
Dec-90,17.9,8,1,16.1,8,1,17.8,8,2,17,8,1,18.9,8,1,17,8,1,18.8,8,1,19.8,8,1,19.8,8,1,20,8,1,20.6,8,1,19.9,8,1,19.9,8,1,20.4,8,1,20,8,1
Jan-91,16.3,8,1,14.4,8,1,16.8,8,2,15.5,8,1,17.3,8,1,15.5,8,1,17.4,8,1,18.6,8,1,18.5,8,1,18.7,8,1,19.2,8,1,18.6,8,1,18.5,8,1,19.2,8,1,18.6,8,1
Feb-91,15.2,8,1,13.6,8,1,15.5,8,2,14.5,8,1,16.4,8,1,14.3,8,1,16.2,8,1,17.1,8,1,17.4,8,1,17.7,8,1,18.3,8,1,17.9,8,1,18,8,1,18.5,8,1,18.3,8,1
Mar-91,19.3,8,1,18.1,8,1,20,8,2,18.9,8,1,20.5,8,1,18.3,8,1,20.3,8,1,20.8,8,1,21.2,8,1,21.2,8,1,22.1,8,1,21.6,8,1,21.5,8,1,22,8,1,21.5,8,1
Apr-91,20.9,8,1,19.7,8,1,21.6,8,2,20.4,8,1,22.1,8,1,19.8,8,1,21.9,8,1,22.5,8,1,22.7,8,1,22.6,8,1,23.5,8,1,22.8,8,1,22.8,8,1,23.2,8,1,22.7,8,1
May-91,23.4,8,1,22.1,8,1,24.1,8,2,22.8,8,1,24.6,8,1,22.1,8,1,24.5,8,1,23.7,8,1,25.1,8,1,25.4,8,1,26.3,8,1,25.6,8,1,25.3,8,1,25.9,8,1,25.7,8,1
Jun-91,27.8,8,1,26.7,8,1,28.6,8,2,27,8,1,28.8,8,1,26.2,8,1,28.6,8,1,28.3,8,1,28.6,8,1,28.5,8,1,29.3,8,1,28.7,8,1,28.3,8,1,28.8,8,1,28.8,8,1
Jul-91,28.9,5,1,27.4,8,1,29.3,8,2,27.8,8,1,29.5,8,1,27.2,5,1,29.5,8,1,29.7,8,1,29,8,1,29.2,8,1,30,8,1,29.1,8,1,28.8,8,1,29.3,8,1,29.2,8,1
Aug-91,28.2,8,1,26.5,8,1,28.5,8,2,26.9,8,1,28.9,8,1,26.5,8,1,28.8,8,1,29,8,1,28.6,8,1,28.6,8,1,29.5,8,1,28.3,8,1,28.2,8,1,28.9,8,1,28.6,8,1
Sep-91,27.3,5,1,25.7,5,1,27.6,8,2,25.9,8,1,27.9,8,1,25.7,5,1,27.7,8,1,28.4,8,1,27.5,8,1,27.3,8,1,28.1,8,1,27,8,1,27.2,8,1,27.6,8,1,27.5,8,1
Oct-91,23.6,8,1,22.1,8,1,23.8,8,2,22.3,8,1,24.4,8,1,22.2,8,1,24.2,8,1,25.3,8,1,24.6,8,1,24.3,8,1,25,8,1,23.9,8,1,24.4,8,1,24.6,8,1,24.5,8,1
Nov-91,20.4,8,1,18.9,8,1,20.6,8,2,18.9,8,1,21,8,1,19.2,8,1,21.4,8,1,22.4,8,1,21.6,8,1,21.6,8,1,22.2,8,1,21.2,8,1,21.6,8,1,22,8,1,22,8,1
Dec-91,18.4,8,1,16.8,8,1,18.3,8,2,17.3,8,1,19.3,8,1,17.5,8,1,19.2,8,1,19.7,8,1,19.9,8,1,20.1,8,1,20.6,8,1,19.6,8,1,19.6,8,1,20.4,8,1,20.2,8,1
Jan-92,16.3,5,1,14.8,8,1,16.2,8,2,15.2,8,1,17.2,8,1,15.4,5,1,16.5,8,1,17.9,8,1,17.8,8,1,18.1,8,1,18.5,8,1,17.8,8,1,17.9,8,1,18.7,8,1,18.3,8,1
Feb-92,15.1,8,1,13.6,8,1,15.1,8,2,14.3,8,1,16,8,1,14.4,8,1,16.1,8,1,17.1,8,1,17.4,8,1,17.7,5,1,18.2,8,1,17.4,8,1,17.4,8,1,18.2,8,1,17.8,8,1
Mar-92,19.7,8,1,18.4,8,1,20.3,8,2,19.2,8,1,20.8,8,1,18.7,8,1,20.4,8,1,21.6,8,1,21.4,8,1,21.6,8,1,22.2,8,1,21.6,8,1,21.4,8,1,22.1,8,1,21.2,8,1
Apr-92,20.4,8,1,18.9,8,1,20.9,8,2,19.9,8,1,21.6,8,1,19.7,8,1,21.7,8,1,21.7,8,1,22.6,8,1,23,5,1,23.5,8,1,22.8,8,1,22.7,8,1,23.3,8,1,23,8,1
May-92,22.7,8,1,21.1,8,1,22.9,8,2,21.8,8,1,23.7,8,1,21.5,8,1,23.3,8,1,22.8,8,1,23.8,8,1,24.3,8,1,25,8,1,24.1,8,1,23.9,8,1,24.6,8,1,24.4,8,1
Jun-92,25.3,8,1,24,8,1,25.8,8,2,24.2,8,1,26,8,1,23.9,8,1,26.1,8,1,25.9,8,1,26.3,8,1,26.5,8,1,26.9,8,1,26.4,8,1,26.5,8,1,26.8,8,1,26.8,8,1
Jul-92,27.5,8,1,26.2,8,1,28,8,2,26.5,8,1,28.2,8,1,25.9,8,1,28.1,8,1,27.9,8,1,28.3,8,1,28.4,8,1,28.9,8,1,28,8,1,28.1,8,1,28.3,8,1,28.4,8,1
Aug-92,28.1,8,1,26.2,8,1,28.2,8,2,26.6,8,1,28.6,8,1,26.5,8,1,28.4,8,1,27.6,8,1,28.7,8,1,29,8,1,29.6,8,1,28.2,8,1,28,8,1,28.7,8,1,28.5,8,1
Sep-92,26.9,8,1,25.2,8,1,27.1,8,2,25.5,8,1,27.4,8,1,25.3,8,1,27.3,8,1,27.3,8,1,27.4,8,1,27.4,8,1,27.9,8,1,26.8,8,1,27,8,1,27.2,5,1,27.2,8,1
Oct-92,24.1,8,1,22.2,8,1,24.1,8,2,22.5,8,1,24.6,8,1,22.5,8,1,24.6,8,1,25.1,8,1,24.7,8,1,24.6,8,1,24.9,8,1,23.9,8,1,24.3,8,1,24.7,8,1,24.3,8,1
Nov-92,20.9,8,1,19.2,8,1,20.6,8,2,19.5,8,1,21.3,8,1,19.6,8,1,21.3,8,1,22.3,8,1,22,8,1,22.1,8,1,22.3,8,1,21.2,8,1,21.4,8,1,22.1,8,1,21.6,8,1
Dec-92,18.5,8,1,16.8,8,1,18.2,8,2,17.3,8,1,19.1,8,1,17.6,8,1,19.2,8,1,19.5,8,1,20.1,8,1,20.6,8,1,20.7,8,1,20,8,1,19.9,8,1,20.8,8,1,20.4,8,1
Jan-93,16.4,8,1,15.1,5,1,16.7,8,2,15.7,8,1,17.4,8,1,15.6,8,1,17.4,8,1,18.6,8,1,18.2,8,1,18.3,8,1,18.6,8,1,17.7,8,1,18,8,1,18.7,8,1,18,8,1
Feb-93,16.2,8,1,14.4,8,1,16.2,8,2,15.3,8,1,17,8,1,15.3,8,1,16.6,8,1,17.3,8,1,18.1,8,1,18.6,8,1,18.9,8,1,18.3,5,1,18,8,1,19,5,1,18.6,8,1
Mar-93,17.4,8,1,15.8,8,1,17.6,8,2,16.4,8,1,18.3,8,1,16.3,8,1,18,8,1,18.7,8,1,19,8,1,19.5,8,1,19.9,8,1,19.4,8,1,19.3,8,1,20,8,1,19.5,8,1
Apr-93,19.5,8,1,18,8,1,20,8,2,19,8,1,20.7,8,1,18.7,8,1,20.7,8,1,20.9,8,1,21.7,8,1,22.3,8,1,22.8,8,1,22.4,8,1,22.2,8,1,22.8,8,1,22.3,8,1
May-93,23.4,8,1,22,8,1,24.2,8,2,23,8,1,24.6,8,1,22.6,8,1,24.7,8,1,24.8,8,1,25.3,8,1,25.5,8,1,26,8,1,25.5,8,1,25.3,8,1,25.8,8,1,25.4,8,1
Jun-93,26.1,8,1,24.8,8,1,26.7,8,2,25.3,8,1,27,8,1,25,8,1,27,8,1,26.5,8,1,27.8,8,1,28.1,8,1,28.3,8,1,28,8,1,27.7,8,1,28.1,8,1,27.9,8,1
Jul-93,28.5,8,1,26.8,8,1,28.8,8,2,27.4,8,1,29.1,8,1,27.1,8,1,29.1,8,1,28.8,8,1,29.4,8,1,29.8,8,1,30.1,8,1,29.5,8,1,28.9,8,1,29.8,8,1,29.3,8,1
Aug-93,28.1,8,1,26.3,8,1,28.4,8,2,27.1,8,1,28.9,8,1,26.6,8,1,28.9,8,1,28,8,1,28.9,8,1,29.3,8,1,29.6,8,1,28.8,8,1,28.4,8,1,29.1,8,1,29,8,1
Sep-93,26.7,8,1,24.9,8,1,27.1,8,2,25.8,8,1,27.5,8,1,25.2,8,1,27.4,8,1,27.6,8,1,27.3,8,1,27.5,8,1,27.7,8,1,27.2,8,1,27,8,1,27.6,8,1,27.2,8,1
Oct-93,24.2,8,1,22.2,8,1,24.1,8,2,22.9,8,1,24.9,8,1,22.9,8,1,25,8,1,25.4,8,1,25.1,8,1,25.1,8,1,25.3,8,1,24.7,8,1,24.7,8,1,25.3,8,1,24.7,8,1
Nov-93,22.4,8,1,20.5,8,1,22.2,8,2,21.1,8,1,22.8,8,1,21.2,8,1,23,8,1,23.3,8,1,23.5,8,1,23.8,8,1,24,8,1,23.5,8,1,22.9,8,1,24.1,8,1,23.4,8,1
Dec-93,18,8,1,16.3,8,1,18,8,2,16.9,8,1,18.8,8,1,17,8,1,18.7,8,1,19.8,8,1,19.5,8,1,19.6,8,1,19.7,8,1,19.3,8,1,19.4,8,1,20.2,8,1,19.5,8,1
Jan-94,16.4,8,1,14.7,8,1,16.4,8,2,15.5,8,1,17.3,8,1,15.7,8,1,17.3,8,1,18.1,8,1,18.5,8,1,19.1,8,1,19.1,8,1,18.7,8,1,18.5,8,1,19.5,8,1,18.7,8,1
Feb-94,16,8,1,14.5,5,1,16.5,8,2,15.3,8,1,17.1,8,1,15.3,8,1,17.1,8,1,17.8,8,1,18.3,8,1,19,8,1,19.2,8,1,18.8,8,1,18.7,8,1,19.6,8,1,18.9,8,1
Mar-94,16.3,8,1,14.6,8,1,16.5,8,2,15.4,8,1,17.1,8,1,15.4,8,1,17.2,8,1,17.7,8,1,18.4,8,1,19.1,8,1,19.3,8,1,18.9,8,1,18.8,8,1,19.8,8,1,19.2,8,1
Apr-94,21.4,8,1,19.8,5,1,22,8,2,20.7,8,1,22.4,8,1,20.3,8,1,22.8,8,1,22.1,8,1,23.7,8,1,24.3,8,1,24.7,8,1,24.5,8,1,24.1,8,1,24.7,8,1,24.3,8,1
May-94,22.4,8,1,20.9,8,1,22.9,8,2,21.7,8,1,23.4,8,1,21.4,8,1,23.3,8,1,23.2,8,1,24.4,8,1,25,8,1,25.4,8,1,25.1,8,1,24.9,8,1,25.3,8,1,25.2,8,1
Jun-94,25.9,8,1,24.9,8,1,26.8,8,2,25.3,8,1,26.9,8,1,24.9,8,1,26.9,8,1,26.8,8,1,27.5,8,1,27.8,8,1,28,8,1,27.7,8,1,27.5,8,1,28.2,8,1,27.7,8,1
Jul-94,28.7,8,1,27.1,8,1,29.3,8,2,27.7,8,1,29.4,8,1,27.2,8,1,29.3,8,1,29,8,1,29.1,8,1,29.2,8,1,29.6,8,1,28.6,8,1,28.3,8,1,29.1,8,1,28.6,8,1
Aug-94,28.1,8,1,26.6,8,1,28.6,8,2,27,8,1,28.7,8,1,26.7,8,1,28.7,8,1,28.5,8,1,28.1,8,1,28.3,8,1,28.5,8,1,28,8,1,27.9,8,1,28.2,8,1,28.1,8,1
Sep-94,26.3,8,1,24.4,8,1,26.2,8,2,25.1,8,1,26.8,8,1,24.7,8,1,26.5,8,1,26.6,8,1,26.8,8,1,26.9,8,1,27,8,1,26.2,8,1,26.2,8,1,26.8,8,1,26.4,8,1
Oct-94,23.8,8,1,22.2,8,1,23.9,8,2,22.8,8,1,24.4,8,1,22.4,8,1,24.1,8,1,24.9,8,1,24.5,8,1,24.7,8,1,25,8,1,24.4,8,1,24.2,8,1,24.9,8,1,24.4,8,1
Nov-94,21.9,8,1,20.3,8,1,21.8,8,2,20.8,8,1,22.5,8,1,20.7,8,1,22.5,8,1,23.1,8,1,23.1,8,1,23.6,8,1,23.5,8,1,23.1,8,1,22.8,8,1,23.7,8,1,23.2,8,1
Dec-94,19.3,8,1,17.8,8,1,19.5,8,2,18.8,8,1,20.2,8,1,18.7,8,1,20.2,8,1,21.1,8,1,21.5,8,1,22.4,8,1,22.3,8,1,22,8,1,21.6,8,1,22.4,8,1,22,8,1
Jan-95,15.3,8,1,13.9,8,1,15.5,8,2,14.8,8,1,16.4,8,1,14.7,8,1,16,8,1,17.8,8,1,17.9,8,1,18.3,8,1,18.4,8,1,17.7,8,1,17.7,8,1,18.8,8,1,18,8,1
Feb-95,14.8,8,1,13.3,8,1,15,8,2,13.9,8,1,15.7,8,1,13.9,8,1,15.4,8,1,17,8,1,16.8,8,1,17.3,8,1,17.3,8,1,16.9,8,1,17,8,1,17.8,8,1,17,8,1
Mar-95,16.5,8,1,15.1,8,1,16.9,8,2,16,8,1,17.6,8,1,16.2,5,1,17.4,8,1,18.1,8,1,19.1,8,1,19.8,8,1,19.9,8,1,19.6,8,1,19.5,8,1,20.2,8,1,19.6,8,1
Apr-95,21,8,1,19.7,8,1,21.6,8,2,20.4,8,1,22.1,8,1,20.3,8,1,22.1,8,1,22.1,8,1,23.2,8,1,23.7,8,1,23.9,8,1,23.7,8,1,23.5,8,1,24,8,1,23.5,8,1
May-95,22.4,8,1,21,8,1,23,8,2,21.5,8,1,23.3,8,1,21.5,8,1,23.4,8,1,23.6,8,1,24.1,8,1,24.5,8,1,24.6,8,1,24.3,8,1,24.2,8,1,24.6,8,1,24.6,8,1
Jun-95,25.2,8,1,24.3,8,1,26.1,8,2,24.6,8,1,26.3,8,1,24.6,8,1,26.5,8,1,26.9,8,1,27.1,8,1,27.6,8,1,27.8,8,1,27.5,8,1,27.2,8,1,27.7,8,1,27.4,8,1
Jul-95,27.8,8,1,26.6,8,1,28.6,8,2,27,8,1,28.5,8,1,26.5,8,1,28.2,8,1,28.7,8,1,28.1,8,1,28.4,8,1,28.8,8,1,28.5,8,1,27.9,8,1,28.5,8,1,28.4,8,1
Aug-95,28.4,8,1,26.9,8,1,28.9,8,2,27.6,8,1,29,8,1,27,8,1,28.7,8,1,28.9,8,1,28.2,8,1,28.5,8,1,28.9,8,1,28.1,8,1,27.5,8,1,28.2,8,1,28,8,1
Sep-95,27.3,8,1,25.6,8,1,27.4,8,2,26.2,8,1,27.8,8,1,26,8,1,27.6,8,1,28.5,8,1,27.8,8,1,27.7,8,1,28.1,8,1,27.3,8,1,27.1,8,1,27.6,8,1,27.2,8,1
Oct-95,25.5,8,1,23.7,8,1,25.4,8,2,24.4,8,1,26.1,8,1,24.4,8,1,26,8,1,26.6,8,1,26.3,8,1,26.3,8,1,26.4,8,1,25.8,8,1,25.6,8,1,26.3,8,1,25.9,8,1
Nov-95,20,8,1,18.4,8,1,19.9,8,2,19.1,8,1,21,8,1,19.5,8,1,20.7,8,1,21.4,8,1,21.7,8,1,21.9,8,1,22.1,8,1,21.5,8,1,21.3,8,1,22.3,8,1,21.7,8,1
Dec-95,16.8,8,1,15.1,8,1,17,8,2,15.9,8,1,17.8,8,1,16.4,8,1,17.9,8,1,18.1,8,1,19.1,8,1,19.2,8,1,19.3,8,1,18.8,8,1,18.9,8,1,19.7,8,1,19.1,8,1
Jan-96,16.4,8,1,14.8,8,1,16.2,8,2,15.7,8,1,17.1,8,1,15.9,8,1,16.9,8,1,17.8,8,1,18.4,8,1,18.8,8,1,18.8,8,1,18.3,8,1,18.1,8,1,19.3,8,1,18.5,8,1
Feb-96,15.3,8,1,13.8,8,1,15.6,8,2,14.7,8,1,16.3,8,1,14.8,8,1,16.1,8,1,17.2,8,1,17.3,8,1,17.6,8,1,17.8,8,1,17.3,8,1,17.2,8,1,18.2,8,1,17.3,8,1
Mar-96,17.8,8,1,16.5,8,1,18.3,8,2,17.5,8,1,19,8,1,17.3,8,1,18.6,8,1,19.9,8,1,20,8,1,20.7,8,1,21,8,1,20.6,8,1,20.5,8,1,21.3,8,1,20.5,8,1
Apr-96,18.5,8,1,17,8,1,18.8,8,2,17.8,8,1,19.5,8,1,17.9,8,1,19.5,8,1,19.7,8,1,20.5,8,1,21.1,8,1,21.2,8,1,20.8,8,1,20.5,8,1,21.4,8,1,20.8,8,1
May-96,21.8,8,1,20.3,8,1,22.2,8,2,20.8,8,1,22.4,8,1,20.7,5,1,22.7,8,1,22.1,8,1,23.4,8,1,24,8,1,24.2,8,1,23.8,8,1,23.7,8,1,24.2,8,1,23.7,8,1
Jun-96,26.6,8,1,25.6,8,1,27.3,8,2,25.9,8,1,27.5,8,1,25.4,8,1,27.6,8,1,26.2,8,1,28,8,1,28.5,8,1,28.8,8,1,28.5,8,1,27.9,8,1,28.8,8,1,28.3,8,1
Jul-96,28.7,8,1,27.1,8,1,29.3,8,2,27.8,8,1,29.4,8,1,27.1,8,1,29.3,8,1,28.7,8,1,29.3,8,1,29.6,8,1,29.9,8,1,29.4,8,1,28.6,8,1,29.6,8,1,29.3,8,1
Aug-96,27.6,8,1,26.1,8,1,28,8,2,26.6,8,1,28.1,8,1,26,8,1,27.9,8,1,26.7,8,1,28,8,1,28,5,1,28.7,8,1,28.1,5,1,27.8,8,1,28.2,8,1,28.2,8,1
Sep-96,27.2,8,1,25.5,8,1,27.7,8,2,26.3,8,1,27.9,8,1,25.7,8,1,27.8,8,1,27.4,8,1,27.7,8,1,27.8,8,1,28.1,8,1,27.5,8,1,27.3,8,1,27.7,8,1,27.5,8,1
Oct-96,24,8,1,22.4,8,1,24.3,8,2,22.9,8,1,24.6,8,1,22.7,8,1,24.5,8,1,24.7,8,1,25.1,8,1,25.4,8,1,25.5,8,1,25,8,1,24.8,8,1,25.5,8,1,25.3,8,1
Nov-96,22.4,8,1,20.8,8,1,22.6,8,2,21.4,8,1,23.2,8,1,21.2,8,1,23.1,8,1,23.3,8,1,23.6,8,1,23.9,8,1,24.2,8,1,23.7,8,1,23.4,8,1,24.2,8,1,23.7,8,1
Dec-96,17.5,8,1,16.1,8,1,17.1,8,2,16.4,8,1,18.1,8,1,16.6,8,1,18.1,8,1,18.3,8,1,19.4,8,1,19.4,8,1,19.9,8,1,19.2,8,1,18.9,8,1,20.2,8,1,19.6,8,1
Jan-97,15.5,8,1,14,8,1,15.6,8,2,14.7,8,1,16.5,8,1,14.8,8,1,16.1,8,1,16.9,8,1,17.4,8,1,17.8,8,1,18.2,8,1,17.7,8,1,17.6,8,1,18.6,8,1,18.1,8,1
Feb-97,16.1,8,1,14.6,8,1,16.3,8,2,15.3,8,1,17.1,8,1,15.3,8,1,17,8,1,17.8,8,1,18,8,1,18.3,8,1,18.6,8,1,18.2,8,1,17.9,8,1,18.7,8,1,18.4,8,1
Mar-97,18.7,8,1,17.2,8,1,19.1,8,2,18.2,8,1,19.9,8,1,17.9,8,1,19.7,8,1,20.3,8,1,20.6,8,1,21,8,1,21.4,8,1,20.9,8,1,20.6,8,1,21.4,8,1,21.1,8,1
Apr-97,20.7,8,1,19.4,8,1,21.4,8,2,20.2,8,1,22,8,1,20,8,1,21.9,8,1,22.1,8,1,22.9,8,1,23.1,8,1,23.7,8,1,23.1,8,1,23,8,1,23.5,8,1,23.3,8,1
May-97,23.4,8,1,22.1,8,1,24.1,8,2,22.8,8,1,24.6,8,1,22.5,8,1,24.5,8,1,24,8,1,25.3,8,1,25.6,8,1,26.2,8,1,25.7,8,1,25.5,8,1,26,8,1,25.7,8,1
Jun-97,25.1,8,1,23.9,8,1,25.8,8,2,24.3,8,1,26.1,8,1,24,8,1,26,8,1,25.7,8,1,26,8,1,26.2,8,1,27,8,1,26.4,8,1,26.2,8,1,26.7,8,1,26.5,8,1
Jul-97,27.7,8,1,26.4,5,1,28.2,8,2,26.6,8,1,28.4,8,1,26,8,1,28.1,8,1,28,8,1,27.8,8,1,28,8,1,28.8,8,1,28.3,8,1,27.8,8,1,28.4,8,1,28.3,8,1
Aug-97,27.3,8,1,26.2,5,1,27.9,8,2,26.2,8,1,27.8,8,1,25.7,5,1,27.7,8,1,28,8,1,27.7,8,1,27.9,8,1,28.7,8,1,28.2,8,1,28,8,1,28.4,8,1,28.2,8,1
Sep-97,26.1,8,1,24.5,8,1,26.5,8,2,24.9,8,1,26.8,8,1,24.6,8,1,26.5,8,1,27.4,8,1,26.5,8,1,26.1,5,1,27.1,8,1,26.1,8,1,26.3,8,1,26.7,8,1,26.3,8,1
Oct-97,23.4,8,1,21.8,8,1,23.6,8,2,22.3,8,1,24.3,8,1,22.3,8,1,24.1,8,1,24.7,8,1,25,8,1,24.8,8,1,25.6,8,1,24.6,8,1,24.7,8,1,25.4,8,1,25.1,8,1
Nov-97,21.9,8,1,20.3,8,1,22.1,8,2,20.8,8,1,22.6,8,1,20.8,4,1,22.6,8,1,23,8,1,23,8,1,23.5,8,1,23.9,8,1,23.1,8,1,23.1,8,1,23.8,8,1,23.5,8,1
Dec-97,18.9,8,1,17.4,8,1,19.1,8,2,17.8,8,1,19.7,8,1,18.2,8,1,19.9,8,1,20.2,8,1,20.6,8,1,21.1,8,1,21.4,8,1,20.7,8,1,20.6,8,1,21.4,5,1,20.7,8,1
Jan-98,17.4,8,1,16,8,1,17.9,8,2,16.8,8,1,18.7,8,1,16.8,8,1,18.3,8,1,19.4,8,1,19.4,8,1,19.4,8,1,19.8,8,1,19.2,8,1,19.3,8,1,19.9,8,1,19.2,8,1
Feb-98,17.3,8,1,16.1,8,1,17.9,8,2,16.7,8,1,18.5,8,1,16.7,8,1,18.2,8,1,19.5,8,1,19.5,8,1,19.6,8,1,20.2,8,1,19.9,8,1,19.8,8,1,20.3,8,1,19.7,8,1
Mar-98,18.9,8,1,17.7,8,1,19.5,8,2,18.4,5,1,20.2,8,1,18.2,8,1,20.1,8,1,19.9,8,1,21.4,8,1,21.3,8,1,22.1,8,1,21.5,8,1,21.3,8,1,22,8,1,21.6,8,1
Apr-98,22.5,8,1,21.6,8,1,23.1,8,2,21.7,8,1,23.5,8,1,21.6,8,1,23.5,8,1,23.7,8,1,24.3,8,1,24.3,8,1,25.1,8,1,24.7,8,1,24.4,8,1,24.9,8,1,24.8,8,1
May-98,25,8,1,24.2,8,1,25.9,8,2,24.5,5,1,26.1,8,1,24,8,1,26,8,1,26.7,8,1,26.4,8,1,26.2,8,1,27.2,8,1,26.5,8,1,26.1,8,1,26.7,8,1,26.2,8,1
Jun-98,26.5,8,1,25.5,8,1,27.3,8,2,25.8,8,1,27.4,8,1,25.5,8,1,27.5,8,1,27.5,8,1,27.7,8,1,27.4,8,1,28.2,8,1,27.8,8,1,27.5,8,1,27.9,8,1,27.8,8,1
Jul-98,28.4,5,1,27.3,5,1,29.3,8,2,27.8,5,1,29.5,8,1,27.5,8,1,29.6,8,1,29,8,1,29.5,8,1,29.6,8,1,30.2,8,1,29.7,8,1,28.9,8,1,29.8,8,1,29.3,8,1
Aug-98,29.2,8,1,27.7,8,1,29.6,8,2,28.1,8,1,30.1,8,1,27.9,8,1,29.7,8,1,29.5,8,1,29.9,8,1,29.9,8,1,30.3,8,1,29.5,8,1,28.9,8,1,29.9,8,1,29.6,8,1
Sep-98,27.4,8,1,25.8,8,1,27.7,8,2,26.2,8,1,28.4,8,1,26.1,8,1,27.9,8,1,28.8,8,1,27.9,8,1,27.8,8,1,28.3,8,1,27.4,8,1,27.3,8,1,28,5,1,27.6,8,1
Oct-98,25.9,8,1,24.5,8,1,26.3,8,2,24.7,8,1,26.7,8,1,24.7,8,1,26.3,8,1,27,8,1,26.4,8,1,26.5,8,1,26.8,8,1,26.2,8,1,26.1,8,1,26.5,8,1,26.1,8,1
Nov-98,22.2,8,1,20.8,8,1,22.3,8,2,21.2,8,1,23,8,1,21.4,8,1,23.2,8,1,24,8,1,23.9,8,1,24.1,8,1,24.4,8,1,23.8,8,1,23.6,8,1,24.4,8,1,23.9,8,1
Dec-98,19.4,8,1,18,8,1,19.2,8,2,18.3,8,1,20.2,8,1,18.6,8,1,20.2,8,1,20.9,8,1,21.2,8,1,21.5,8,1,21.6,8,1,21.1,8,1,21.1,8,1,21.8,8,1,21.5,8,1
Jan-99,17,8,1,15.5,8,1,17.2,8,2,16,8,1,18,8,1,16.2,8,1,17.9,8,1,18.3,8,1,19.1,8,1,19.5,8,1,19.6,8,1,19.3,8,1,19.4,8,1,19.9,8,1,19.5,8,1
Feb-99,16.2,8,1,14.7,8,1,16.4,8,2,15.5,8,1,17.4,8,1,15.6,8,1,17,8,1,17.9,8,1,18.4,8,1,18.6,8,1,19,8,1,18.4,8,1,18.1,8,1,19.3,8,1,18.8,8,1
Mar-99,19.5,8,1,18.5,8,1,20.3,8,2,19,8,1,20.9,8,1,18.9,8,1,20.7,8,1,21.7,8,1,21.8,8,1,22.2,8,1,22.7,8,1,22.2,8,1,21.9,8,1,22.8,8,1,22,8,1
Apr-99,20.4,8,1,19.1,8,1,20.9,8,2,19.8,8,1,21.7,8,1,19.7,5,1,21.6,8,1,22,8,1,22.8,8,1,22.9,8,1,23.6,8,1,23,8,1,22.8,8,1,23.3,8,1,23.1,8,1
May-99,22.5,8,1,21.4,8,1,23.1,8,2,21.7,8,1,23.7,8,1,21.7,8,1,23.4,8,1,23.7,8,1,24.1,8,1,24.1,8,1,24.6,8,1,24.2,8,1,23.9,8,1,24.3,8,1,24.2,8,1
Jun-99,26.5,8,1,25.6,8,1,27.3,8,2,25.6,8,1,27.5,8,1,25.3,8,1,27.4,8,1,27.5,8,1,27.6,8,1,27.7,8,1,28.2,8,1,28,8,1,27.5,8,1,28,8,1,27.7,8,1
Jul-99,27.7,8,1,26.2,8,1,28.1,8,2,26.4,8,1,28.3,8,1,26.2,8,1,28.1,8,1,27.8,8,1,28.2,8,1,28.5,8,1,29.2,8,1,28.6,8,1,28.3,8,1,28.5,8,1,28.6,8,1
Aug-99,27.6,8,1,26.3,8,1,28.2,8,2,26.5,8,1,28.4,8,1,26.2,8,1,28.2,8,1,27.9,8,1,28.3,8,1,28.5,8,1,29.2,8,1,28.6,8,1,28.1,8,1,28.4,8,1,28.4,8,1
Sep-99,27.2,8,1,26,5,1,27.9,8,2,26.2,8,1,28.2,8,1,26,5,1,27.8,8,1,28.4,8,1,27.5,8,1,27.5,8,1,28,8,1,27.1,8,1,26.7,8,1,27.4,8,1,27.3,8,1
Oct-99,25.4,8,1,24,8,1,25.6,8,2,24.4,8,1,26.3,8,1,24,8,1,25.8,8,1,26.2,8,1,26.1,8,1,26,8,1,26.4,8,1,25.8,8,1,25.6,8,1,26.2,8,1,25.8,8,1
Nov-99,21.8,8,1,20.2,8,1,21.8,8,2,20.8,8,1,22.6,8,1,20.6,8,1,22.2,8,1,22.9,8,1,23,8,1,22.8,8,1,23.2,8,1,22.4,8,1,22.4,8,1,23,8,1,22.8,8,1
Dec-99,17.5,8,1,16,8,1,17.6,8,2,16.5,8,1,18.4,8,1,16.7,8,1,18.4,8,1,19.3,8,1,19.5,8,1,19.5,8,1,19.8,8,1,19.2,8,1,19.3,8,1,20,8,1,19.4,8,1
Jan-00,17,8,1,15.6,8,1,17.3,8,2,16.1,8,1,17.9,8,1,16.3,8,1,17.9,8,1,18.7,8,1,18.9,8,1,19.1,8,1,19.4,8,1,18.6,8,1,18.8,8,1,19.7,8,1,19.2,8,1
Feb-00,15.3,8,1,13.8,8,1,15.6,8,2,14.5,8,1,16.2,8,1,14.7,8,1,16.4,8,1,16.9,8,1,17.8,8,1,18.4,8,1,18.7,8,1,18.3,8,1,18,8,1,18.9,8,1,18.4,8,1
Mar-00,17.8,8,1,16.3,8,1,18.1,8,2,17,8,1,18.6,8,1,17,8,1,18.8,8,1,18.8,8,1,20,8,1,20.6,8,1,21,8,1,20.5,8,1,20.2,8,1,20.8,8,1,20.9,8,1
Apr-00,19.9,8,1,18.6,8,1,20.4,8,2,18.9,8,1,20.7,8,1,18.9,8,1,20.8,8,1,21,8,1,21.9,8,1,22.3,8,1,22.9,8,1,22.4,5,1,22.2,8,1,22.7,8,1,22.9,8,1
May-00,22.6,8,1,21.3,8,1,22.8,8,2,21.3,8,1,23.1,8,1,21.3,8,1,23.5,8,1,22.6,8,1,24.1,8,1,24.9,8,1,25.4,8,1,24.8,8,1,24.5,8,1,25.2,8,1,25.2,8,1
Jun-00,26.2,8,1,25.4,8,1,27.1,8,2,25.4,8,1,27.2,8,1,25.3,8,1,27.3,8,1,26.6,8,1,27.5,8,1,27.9,5,1,28.4,8,1,28.2,8,1,27.6,8,1,28.3,8,1,28.2,8,1
Jul-00,27.3,8,1,26,8,1,28,8,2,26.2,8,1,28,8,1,26,8,1,28.4,8,1,27.2,8,1,28.1,8,1,28.6,8,1,29.2,8,1,28.7,8,1,28.2,8,1,28.6,8,1,28.8,8,1
Aug-00,27,8,1,25.9,8,1,27.7,8,2,26.1,8,1,27.9,8,1,25.9,8,1,28.1,8,1,27.4,8,1,28,8,1,28.3,8,1,28.8,8,1,28.2,8,1,28,8,1,28.4,8,1,28.6,8,1
Sep-00,25.6,8,1,24.4,8,1,26.1,8,2,24.5,8,1,26.3,8,1,24.2,8,1,26.1,8,1,26.3,8,1,26.2,8,1,26.3,8,1,26.9,8,1,26.1,8,1,25.9,8,1,26.6,8,1,26.8,8,1
Oct-00,25.2,8,1,24.1,8,1,25.9,8,2,24.5,8,1,26.2,8,1,24.2,8,1,25.9,8,1,26.2,8,1,26.2,8,1,26.3,8,1,26.9,8,1,26.2,8,1,25.9,8,1,26.6,8,1,26.6,8,1
Nov-00,22.6,8,1,21.4,8,1,23,8,2,21.6,8,1,23.4,8,1,21.5,8,1,23.3,8,1,24.7,8,1,23.9,8,1,24,5,1,24.1,8,1,23.6,8,1,23.4,8,1,24,8,1,23.8,8,1
Dec-00,19.2,8,1,17.7,8,1,19.2,8,2,18.2,8,1,19.9,8,1,18.3,5,1,19.9,8,1,21,8,1,21.2,8,1,21.6,8,1,21.7,8,1,21.2,8,1,21,8,1,21.9,8,1,21.5,8,1
1-Jan,16.7,8,1,15.3,8,1,17,8,2,15.9,8,1,17.7,8,1,16.1,8,1,17.6,8,1,18.4,8,1,18.8,8,1,19.2,8,1,19.6,8,1,19.1,8,1,18.9,8,1,19.7,8,1,19.5,8,1
1-Feb,17.6,8,1,16.4,8,1,18,8,2,16.8,8,1,18.7,8,1,16.9,8,1,18.4,8,1,19.1,8,1,19.3,8,1,19.6,8,1,19.9,8,1,19.3,8,1,19.2,8,1,20,8,1,19.7,8,1
1-Mar,17.2,8,1,15.9,8,1,17.6,8,2,16.5,8,1,18.3,8,1,16.4,8,1,18,8,1,18.5,8,1,19.3,8,1,19.9,8,1,20.4,8,1,20,8,1,19.8,8,1,20.6,8,1,20.5,8,1
1-Apr,20.3,8,1,18.9,8,1,20.8,8,2,19.4,8,1,21.2,8,1,19.2,8,1,21.3,8,1,21.6,8,1,22.4,8,1,22.8,8,1,23.3,8,1,23,8,1,22.9,8,1,23.2,8,1,23.2,8,1
1-May,22.5,8,1,21.5,8,1,23.2,8,2,21.9,8,1,23.5,8,1,21.5,8,1,23.5,8,1,24.1,8,1,24.7,8,1,25.3,8,1,25.8,8,1,25.5,8,1,25.4,8,1,25.6,8,1,25.6,8,1
1-Jun,26.4,8,1,25.8,8,1,27.4,8,2,26,8,1,27.8,8,1,25.5,8,1,27.5,8,1,28.1,8,1,27.9,8,1,28.3,8,1,28.8,8,1,28.5,8,1,28,8,1,28.4,8,1,28.2,8,1
1-Jul,29.3,8,1,27.8,8,1,29.6,8,2,28.1,8,1,29.9,8,1,27.6,8,1,29.6,8,1,29.1,8,1,29.1,8,1,29.4,8,1,29.8,8,1,29.2,8,1,28.6,8,1,29.1,5,1,29,8,1
1-Aug,29.1,8,1,27.5,8,1,29.2,8,2,27.8,8,1,29.6,8,1,27.6,8,1,29.5,8,1,28.7,8,1,29,8,1,29.7,8,1,30,8,1,28.9,5,1,28.5,8,1,29.3,5,1,29.3,8,1
1-Sep,27,8,1,26,8,1,27.6,8,2,25.9,8,1,27.5,8,1,25.6,8,1,27.4,8,1,27.8,8,1,27.5,8,1,27.7,8,1,28,8,1,27.4,8,1,27.4,8,1,27.7,8,1,27.5,8,1
1-Oct,25.1,8,1,23.4,8,1,25.1,8,2,23.5,8,1,25.6,8,1,23.5,8,1,25.4,8,1,26,8,1,25.5,8,1,25.5,5,1,25.7,8,1,25.1,8,1,25.3,8,1,25.6,8,1,25.5,8,1
1-Nov,21,8,1,19.5,8,1,21.1,8,2,19.9,8,1,21.8,8,1,19.8,8,1,21.8,8,1,22.3,8,1,22.4,8,1,22.4,8,1,22.5,8,1,22,8,1,22.2,8,1,22.8,8,1,22.4,8,1
1-Dec,18.1,8,1,16.6,8,1,18.2,8,2,17.3,8,1,19.2,8,1,17.3,8,1,18.9,8,1,19.1,8,1,19.8,8,1,20,8,1,20.2,8,1,19.4,8,1,19.5,8,1,20.4,8,1,19.8,8,1
2-Jan,16.1,8,1,14.7,8,1,16.3,8,2,15.1,8,1,17.1,8,1,15.2,8,1,16.4,8,1,17.3,8,1,17.9,8,1,17.9,8,1,18.2,8,1,17.5,8,1,17.7,8,1,18.6,8,1,18.1,8,1
2-Feb,16.6,8,1,15,8,1,16.2,8,2,15.6,8,1,17.4,8,1,15.6,8,1,17,8,1,17.3,8,1,18.3,8,1,19,8,1,19.3,8,1,18.6,8,1,18.5,8,1,19.4,5,1,19.1,8,1
2-Mar,18.6,8,1,17.3,8,1,18.8,8,2,18,8,1,19.6,8,1,17.7,8,1,19.4,8,1,19.3,8,1,20.9,8,1,21.5,8,1,21.8,8,1,21.4,8,1,21.1,8,1,21.6,8,1,21.8,8,1
2-Apr,21.1,8,1,20,8,1,21.7,8,2,20.6,8,1,22.4,8,1,20.5,8,1,22.8,8,1,21.7,8,1,23.9,8,1,24.1,8,1,24.6,8,1,24.8,8,1,24.2,8,1,24.5,8,1,24.6,8,1
2-May,23.9,8,1,22.7,8,1,24.5,8,2,23.4,8,1,25.1,8,1,22.8,8,1,24.9,8,1,24.5,8,1,25.9,8,1,26,8,1,26.5,8,1,26.1,8,1,25.5,8,1,26.1,8,1,26.2,8,1
2-Jun,26.1,8,1,25.1,8,1,26.8,8,2,25.3,8,1,27,8,1,24.8,8,1,27,8,1,27,8,1,27.9,8,1,27.9,8,1,28.4,8,1,28.3,8,1,27.9,8,1,28,8,1,28.1,8,1
2-Jul,27.5,8,1,26.5,8,1,28.2,8,2,26.4,8,1,28.2,8,1,25.8,8,1,27.8,5,1,28.2,8,1,28.2,8,1,28.5,8,1,29,8,1,28.7,8,1,28.2,8,1,28.4,8,1,28.6,8,1
2-Aug,28.1,8,1,26.6,8,1,28.6,8,2,27,8,1,28.7,8,1,26.4,8,1,28.5,8,1,28.2,8,1,28.4,8,1,28.4,8,1,29,8,1,28.6,8,1,27.9,8,1,28.3,8,1,28.4,8,1
2-Sep,26.7,5,1,25.3,5,1,27.1,8,2,25.8,8,1,27.5,8,1,25.2,8,1,27.1,8,1,27,8,1,27.4,8,1,27.3,8,1,27.8,8,1,27.3,8,1,27,8,1,27.4,8,1,27.5,8,1
2-Oct,23.9,8,1,22.5,8,1,24.1,8,2,23,8,1,24.7,8,1,22.8,8,1,24.6,8,1,24.8,8,1,25.2,8,1,25.5,8,1,25.6,8,1,25.1,8,1,24.5,8,1,25.4,8,1,25.2,8,1
2-Nov,20.2,8,1,18.9,8,1,20.5,8,2,19.3,8,1,21.1,8,1,19.2,8,1,20.9,8,1,21.8,8,1,21.9,8,1,22.4,8,1,22.6,8,1,22.2,8,1,22,8,1,22.6,8,1,22.4,8,1
2-Dec,18.5,8,1,17.2,8,1,18.8,8,2,17.7,8,1,19.4,8,1,17.6,8,1,19.4,8,1,19.5,8,1,20.3,8,1,20.6,8,1,20.8,8,1,20.4,8,1,20.2,8,1,20.9,8,1,20.7,8,1
3-Jan,14.8,8,1,13.5,8,1,14.8,8,2,14,8,1,15.7,8,1,14.1,8,1,15.2,8,1,16.3,8,1,16.9,8,1,17.3,8,1,17.5,8,1,17.2,8,1,17.2,8,1,17.7,8,1,17.6,8,1
3-Feb,16.9,8,1,15.5,8,1,17.4,8,2,16.5,8,1,18.1,8,1,16.2,8,1,17.8,8,1,18.2,8,1,19,8,1,19.3,8,1,19.6,8,1,19.3,8,1,19.1,8,1,19.7,8,1,19.5,8,1
3-Mar,17.4,8,1,16,8,1,17.7,8,2,16.6,8,1,18.4,8,1,16.5,8,1,18.2,8,1,18.4,8,1,19.4,8,1,19.7,8,1,20.1,8,1,20,8,1,19.8,8,2,20.3,8,1,19.9,8,1
3-Apr,21.3,8,1,20.2,8,1,22.1,8,2,20.9,8,1,22.6,8,1,20.3,8,1,22.5,8,1,22.1,8,1,23.4,8,1,23.7,8,1,24.2,8,1,24.1,8,1,23.9,8,2,24.1,8,1,23.9,8,1
3-May,23.2,8,1,22,8,1,24,8,2,22.7,8,1,24.4,8,1,22.1,8,1,24.1,8,1,24.8,8,1,25,8,1,25.2,8,1,25.6,8,1,25.3,8,1,25.2,8,2,25.5,8,1,25.2,8,1
3-Jun,25.4,8,1,24.8,8,1,26.3,8,2,24.8,8,1,26.6,8,1,24.3,8,1,26.2,8,1,26.5,8,1,26.8,8,1,26.7,8,1,27.1,8,1,27,8,1,26.9,8,2,26.9,8,1,26.9,8,1
3-Jul,29.2,8,1,27.8,8,1,29.5,8,2,28.2,8,1,29.9,8,1,27.5,8,1,29.7,8,1,29,8,1,29.8,8,1,29.6,8,1,30.3,8,1,30.2,8,1,29.5,8,2,29.7,8,1,29.5,8,1
3-Aug,29.4,8,1,27.4,8,1,29.2,8,2,28,8,1,29.6,8,1,27.4,8,1,29.6,8,1,28.8,8,1,29.3,8,1,29.1,8,1,29.6,8,1,29,8,1,28.8,8,2,29,8,1,28.8,8,1
3-Sep,28.5,8,1,26.3,8,1,28.2,8,2,26.6,8,1,28.5,8,1,26.4,8,1,28.5,8,1,28.1,8,1,28.1,8,1,28.2,8,1,28.6,8,1,28,8,1,28.2,8,2,28.2,8,1,28.1,8,1
3-Oct,24.6,8,1,22.3,8,1,24.1,8,2,22.8,8,1,24.7,8,1,22.8,8,1,24.6,8,1,24.6,8,1,25.2,8,1,24.9,8,1,25.4,8,1,24.7,8,1,25,8,2,25.2,8,1,25,8,1
3-Nov,23.4,8,1,21.5,8,1,23.3,8,2,22,8,1,23.8,8,1,21.8,8,1,23.6,8,1,24,8,1,23.9,8,1,23.9,8,1,24.3,8,1,23.8,8,1,23.7,8,2,23.9,8,1,23.5,8,1
3-Dec,18.2,8,1,16.4,8,1,17.8,8,2,16.9,8,1,18.7,8,1,17,8,1,18.4,8,1,18.9,8,1,19.6,8,1,19.8,8,1,20.1,8,1,19.4,8,1,19.6,8,2,20,8,1,19.6,8,1
4-Jan,16.3,8,1,14.5,8,1,15.9,8,2,15.1,8,1,16.8,8,1,15.1,8,1,16.3,8,1,17.3,8,1,17.7,8,1,17.9,8,1,18.2,8,1,17.8,8,1,18,8,2,18.2,8,1,17.9,8,1
4-Feb,16.8,8,1,15,8,1,16.3,8,2,15.5,8,1,17.1,8,1,15.5,8,1,17,8,1,17.7,8,1,18.3,8,1,19,8,1,19.2,8,1,19,8,1,18.8,8,2,19.2,8,1,19,8,1
4-Mar,18.6,8,1,16.7,8,1,18.6,8,2,17.5,8,1,19.2,8,1,17.2,8,1,19.1,8,1,19.2,8,1,20.2,8,1,20.3,5,1,20.7,8,1,20.6,8,1,20.3,8,2,20.6,8,1,20.2,8,1
4-Apr,21.5,8,1,19.4,8,1,21.2,8,2,20.2,8,1,21.9,8,1,19.9,8,1,21.8,8,1,21.6,8,1,22.4,8,1,22.5,8,1,23,8,1,22.5,8,1,22.3,8,2,22.5,8,1,22.5,8,1
4-May,24.6,8,1,23.1,8,1,24.7,8,2,23.6,8,1,25.5,8,1,23.2,8,1,25.2,8,1,25.4,8,1,26.1,8,1,26.1,8,1,26.7,8,1,26.8,8,1,26.3,8,2,26.3,8,1,26.3,8,1
4-Jun,25.9,8,1,24.4,8,1,26.2,8,2,24.9,8,1,26.7,8,1,24.5,8,1,26.7,8,1,26.7,8,1,27.1,8,1,27.1,8,1,27.6,8,1,27.2,8,1,27.1,8,2,26.9,8,1,27,8,1
4-Jul,28.6,8,1,26.8,8,1,28.5,8,2,27,8,1,28.8,8,1,26.6,8,1,28.7,8,1,28.4,8,1,28.7,8,1,28.5,8,1,29.1,8,1,28.7,8,1,28.4,8,2,28.2,8,1,28.3,8,1
4-Aug,29.1,8,1,27,8,1,28.9,8,2,27.3,8,1,29,8,1,26.9,8,1,28.8,8,1,29.1,8,1,28.3,8,1,28.4,8,1,29,8,1,28.6,8,1,28.3,8,2,28.2,8,1,28.5,8,1
4-Sep,27.6,8,1,25.5,8,1,27.4,8,2,25.8,8,1,27.6,8,1,25.4,8,1,27.2,8,1,27.3,8,1,27,8,1,27.1,8,1,27.6,8,1,27.1,8,1,26.8,8,2,26.8,8,1,27,8,1
4-Oct,24.8,8,1,22.7,8,1,24.6,8,2,22.8,8,1,24.9,8,1,22.7,8,1,24.7,8,1,25.4,8,1,24.7,8,1,24.5,8,1,24.8,8,1,24.4,8,1,24.5,8,2,24.4,8,1,24.3,8,1
4-Nov,22.4,8,1,20.3,8,1,21.8,5,2,20.8,8,1,22.6,8,1,20.8,8,1,22.7,8,1,23.2,8,1,23.3,5,1,23.4,8,1,23.4,8,1,23.2,8,1,23.1,8,2,23.2,8,1,23,8,1
4-Dec,20.1,8,1,18,8,1,19.3,8,2,18.5,8,1,20.2,8,1,18.5,8,1,20,8,1,21.3,8,1,20.6,8,1,20.8,8,1,20.8,8,1,20.6,8,1,20.7,8,2,20.7,8,1,20.5,8,1
5-Jan,16,8,1,14.4,8,1,15.9,8,2,15,8,1,16.6,8,1,14.9,8,1,16.2,8,1,17.7,8,1,17.6,8,1,17.7,8,1,18,8,1,17.6,8,1,17.7,5,2,18,8,1,17.8,8,1
5-Feb,17.2,8,1,15.5,8,1,17.3,8,2,16.3,8,1,17.9,8,1,16.1,8,1,17.7,8,1,18.7,8,1,18.9,8,1,19.1,8,1,19.5,8,1,19.4,8,1,19.2,5,2,19.7,8,1,19.1,8,1
5-Mar,16.6,8,1,14.8,8,1,16.5,8,2,15.5,8,1,17.2,8,1,15.3,8,1,16.8,8,1,17.8,8,1,17.8,8,1,18.2,8,1,18.5,8,1,18.2,8,1,18.1,8,2,18.2,8,1,18.3,8,1
5-Apr,20.7,8,1,19,8,1,20.8,8,2,19.7,8,1,21.5,8,1,19.4,8,1,21.2,8,1,21.7,8,1,22.2,8,1,22.8,8,1,23.2,8,1,23.1,8,1,22.8,8,2,22.8,8,1,23,8,1
5-May,23.2,8,1,21.5,8,1,23.5,8,2,22.4,8,1,24.2,8,1,22.1,8,1,24.1,8,1,23.9,8,1,25.7,8,1,26.1,8,1,26.6,8,1,26.5,8,1,26.1,8,2,26.2,8,1,26.2,8,1
5-Jun,26,8,1,24.8,8,1,26.3,8,2,25.1,8,1,26.6,8,1,24.8,8,1,26.9,8,1,26.3,8,1,27.3,8,1,27.3,8,1,27.9,8,1,27.7,8,1,27.5,8,2,27.3,8,1,27.6,8,1
5-Jul,29,8,1,27.3,8,1,29.1,8,2,27.3,8,1,29.2,8,1,27,8,1,29.5,8,1,28.9,8,1,28.8,8,1,28.6,8,1,29.3,8,1,28.9,8,1,28.8,5,2,28.2,8,1,28.4,8,1
5-Aug,29,8,1,27,8,1,28.9,8,2,27.2,8,1,29,8,1,26.9,8,1,28.9,8,1,28.9,8,1,28.2,8,1,28.1,5,1,28.7,8,1,28.5,8,1,28.2,8,2,28,8,1,28.2,8,1
5-Sep,28.3,8,1,26,8,1,27.9,8,2,26.3,8,1,28.2,8,1,26.1,8,1,28.1,8,1,27.7,8,1,27.8,8,1,28.1,8,1,28.5,8,1,28,8,1,27.8,8,2,27.7,8,1,27.8,8,1
5-Oct,26.1,8,1,23.9,8,1,25.7,8,2,24.2,8,1,26.2,8,1,24.1,8,1,26.1,8,1,26.5,8,1,26.1,8,1,26.1,8,1,26.4,8,1,25.9,8,1,25.7,8,2,25.8,8,1,25.7,8,1
5-Nov,22.4,8,1,20.4,8,1,22.1,8,2,21.2,8,1,22.8,8,1,21.1,8,1,22.8,8,1,22.9,8,1,23.4,8,1,23.6,8,1,24,8,1,23.2,5,1,23.2,8,2,24.6,4,1,23.6,8,1
5-Dec,16.4,8,1,14.5,8,1,16.2,8,2,15.3,8,1,17.2,8,1,15.3,8,1,16.8,8,1,18,8,1,18.1,8,1,18.2,8,1,18.8,8,1,18.2,8,1,18.3,8,2,18.6,8,1,18.1,8,1
6-Jan,17.6,8,1,15.8,8,1,17.5,8,2,16.4,8,1,18.1,8,1,16.3,8,1,17.9,8,1,18.6,8,1,19,8,1,19.3,8,1,19.6,8,1,19.2,8,1,19.1,8,2,19.4,8,1,19.1,8,1
6-Feb,17.3,8,1,15.5,8,1,17.4,8,2,16.3,8,1,17.9,8,1,16.1,8,1,17.8,8,1,18.6,8,1,19.1,8,1,19.4,8,1,19.8,8,1,19.8,8,1,19.4,8,2,19.8,8,1,19.4,8,1
6-Mar,17.7,8,1,15.8,8,1,17.6,8,2,16.5,8,1,18.4,8,1,16.5,8,1,18.1,8,1,18.8,8,1,19.4,8,1,20,8,1,20.5,8,1,20.2,8,1,19.9,8,2,20.3,8,1,20.1,8,1
6-Apr,20.6,8,1,18.8,8,1,20.6,8,2,19.3,8,1,21.2,8,1,19.4,8,1,21.6,8,1,21.5,8,1,22.8,8,1,23.4,8,1,23.9,8,1,23.8,8,1,23.4,8,2,23.7,8,1,23.7,5,1
6-May,24.2,8,1,22.4,8,1,24.3,8,2,23.1,8,1,24.8,8,1,22.7,8,1,24.8,8,1,24.8,8,1,25.4,8,1,25.8,8,1,26.5,8,1,26.4,8,1,25.7,8,2,26.1,8,1,25.8,8,1
6-Jun,26.1,8,1,24.7,8,1,26.4,8,2,25.1,8,1,26.8,8,1,24.7,8,1,26.5,8,1,27.1,8,1,27.1,8,1,27.4,8,1,27.9,8,1,27.7,8,1,27.2,8,2,27.3,8,1,27.2,8,1
6-Jul,28.8,8,1,27.1,8,1,29,8,2,27.2,8,1,29.1,8,1,26.7,8,1,28.8,8,1,29.2,8,1,28.1,8,1,28.4,8,1,28.9,8,1,28.8,8,1,28.3,8,2,28.1,8,1,28.3,8,1
6-Aug,29.1,8,1,27.3,8,1,29,8,2,27.4,8,1,29.2,8,1,27,8,1,29.3,8,1,29,8,1,28.7,8,1,28.7,8,1,29.3,8,1,28.9,8,1,28.2,8,2,28.3,8,1,28.2,8,1
6-Sep,27.5,8,1,25.6,8,1,27.2,8,2,25.8,8,1,27.8,8,1,25.6,8,1,27.1,8,1,28,8,1,27,8,1,27.3,5,1,27.6,8,1,27.2,8,1,27.1,5,2,27.2,5,1,26.9,8,1
6-Oct,25.9,8,1,23.8,8,1,25.4,8,2,24.1,8,1,26.1,8,1,24.1,8,1,25.9,8,1,26.2,8,1,25.9,8,1,26.3,8,1,26.6,8,1,26.4,8,1,26.1,8,2,26.1,8,1,25.9,8,1
6-Nov,22.6,8,1,20.7,8,1,22.2,8,2,21.2,8,1,22.9,8,1,21.1,8,1,22.6,8,1,23.3,8,1,23.3,8,1,23.8,8,1,24,8,1,23.9,8,1,23.5,8,2,23.7,8,1,23.6,8,1
6-Dec,19.1,8,1,17.2,8,1,18.9,8,2,17.7,8,1,19.7,8,1,17.9,8,1,19.6,8,1,20.5,8,1,20.5,8,1,20.9,8,1,21.1,8,1,21,8,1,20.7,8,2,20.9,8,1,20.5,8,1
7-Jan,17.1,8,1,15.3,8,1,16.9,8,2,16,8,1,17.8,8,1,16.1,8,1,17.5,8,1,18.4,8,1,18.9,8,1,19.2,8,1,19.4,8,1,19.2,8,1,18.9,8,2,19.3,8,1,18.8,8,1
7-Feb,17.5,8,1,15.8,8,1,17.2,8,2,16.4,5,1,18.2,8,1,16.5,5,1,18.1,8,1,17.8,8,1,19.7,8,1,20.3,5,1,20.7,8,1,20.7,8,1,20.2,8,2,20.6,8,1,20.5,8,1
7-Mar,18.7,8,1,17,8,1,19,8,2,17.7,8,1,19.6,8,1,17.7,8,1,19.6,8,1,19.4,8,1,20.7,8,1,21,8,1,21.6,8,1,21.4,8,1,21,8,2,21.3,8,1,21.1,8,1
7-Apr,19.8,8,1,18,8,1,20,8,2,18.8,8,1,20.7,8,1,18.8,8,1,20.8,8,1,20.6,8,1,21.8,8,1,22.2,8,1,22.7,8,1,22.5,8,1,22.1,8,2,22.2,8,1,22.1,8,1
7-May,22.8,8,1,21.3,8,1,23.2,8,2,22,8,1,23.8,8,1,21.8,8,1,23.8,8,1,23.4,8,1,24.7,8,1,25.1,8,1,25.6,8,1,25.5,8,1,24.9,8,2,25,8,1,25.1,8,1
7-Jun,25.8,8,1,24.5,8,1,26.3,8,2,24.8,8,1,26.7,8,1,24.6,8,1,26.6,8,1,26.8,8,1,27.4,8,1,27.8,8,1,28.5,8,1,28.7,8,1,27.9,8,2,28.1,8,1,27.9,8,1
7-Jul,29,8,1,27.5,8,1,29.2,8,2,27.7,8,1,29.6,8,1,27.4,8,1,29.7,8,1,28.9,8,1,29.8,8,1,29.9,8,1,30.5,8,1,30.3,8,1,29.7,8,2,29.8,8,1,29.7,8,1
7-Aug,28.4,8,1,26.5,8,1,28.5,8,2,26.8,5,1,28.8,8,1,26.7,8,1,28.6,8,1,28.5,8,1,28.5,8,1,28.5,8,1,29.2,8,1,29.1,8,1,28.3,8,2,28.4,8,1,28.5,8,1
7-Sep,27.9,8,1,26,8,1,27.9,8,2,26,8,1,28.2,8,1,26.1,8,1,28,8,1,28.1,8,1,27.6,8,1,27.7,8,1,28.3,8,1,28.1,5,1,27.5,5,2,27.5,8,1,27.6,8,1
7-Oct,26.2,8,1,24.2,8,1,26.1,8,2,24.3,8,1,26.6,8,1,24.4,8,1,26.3,8,1,26.7,8,1,25.9,8,1,25.9,8,1,26.4,8,1,26.4,5,1,25.7,5,2,25.9,8,1,25.7,8,1
7-Nov,21.8,8,1,19.8,8,1,21.5,8,2,20,8,1,22.2,8,1,20.3,8,1,22.2,8,1,23,8,1,22.6,8,1,22.8,8,1,23.1,8,1,23.1,8,1,22.7,8,2,22.9,8,1,22.5,8,1
7-Dec,19.1,8,1,17.2,8,1,19,8,2,17.8,8,1,19.9,8,1,18,8,1,19.6,8,1,19.7,8,1,20.6,8,1,21,8,1,21.4,8,1,21.1,8,1,20.9,8,2,21.2,8,1,21,8,1
8-Jan,17.9,8,1,16.1,8,1,17.8,8,2,16.5,8,1,18.5,8,1,16.6,8,1,18.2,8,1,19,8,1,19.1,8,1,19.2,8,1,19.7,8,1,18.8,8,1,19.1,8,2,19.4,5,1,19.1,8,1
8-Feb,15.5,8,1,13.5,8,1,15.4,8,2,14,5,1,16.1,8,1,14.2,8,1,15.8,5,1,17,8,1,17.1,8,1,17.2,8,1,17.5,8,1,16.8,8,1,17.2,8,2,17.6,8,1,17,8,1
8-Mar,18.1,8,1,16.1,5,1,18,8,2,16.8,8,1,18.7,8,1,16.9,8,1,18.5,8,1,18.8,8,1,19.6,8,1,19.9,8,1,20.5,8,1,19.6,8,1,19.7,8,2,20.2,8,1,20.1,8,1
8-Apr,20.7,8,1,18.7,8,1,20.9,8,2,19.3,8,1,21.4,8,1,19.4,8,1,21.3,8,1,21.2,8,1,22.5,8,1,22.8,8,1,23.5,8,1,22.5,8,1,22.7,8,2,22.9,8,1,22.8,8,1
8-May,23.4,8,1,21.5,8,1,23.6,8,2,22,8,1,24.1,8,1,22,8,1,24.3,8,1,23.3,8,1,24.8,8,1,24.9,8,1,25.6,8,1,24.6,8,1,24.9,5,2,25,8,1,24.9,8,1
8-Jun,26.9,8,1,25.3,8,1,27.4,8,2,25.5,8,1,27.6,8,1,25.4,8,1,27.5,8,1,27.1,8,1,27.8,8,1,27.8,8,1,28.6,8,1,27.7,8,1,27.7,8,2,27.9,8,1,27.8,8,1
8-Jul,28.9,8,1,26.8,8,1,29.1,8,2,27.2,8,1,29.4,8,1,27.2,8,1,29.5,8,1,28.4,8,1,28.9,8,1,28.8,8,1,29.5,8,1,28.5,8,1,28.6,8,2,28.5,8,1,28.6,8,1
8-Aug,28.7,8,1,26.5,8,1,28.7,8,2,26.9,8,1,29,8,1,26.7,5,1,28.7,8,1,28.3,8,1,28.5,8,1,28.6,8,1,29.5,8,1,28.4,8,1,28.5,8,2,28.6,8,1,28.6,8,1
8-Sep,27.7,5,1,25.7,8,1,27.8,8,2,26,8,1,28.2,8,1,26.3,5,1,27.8,8,1,28,8,1,27.6,8,1,27.6,8,1,28,8,1,26.9,8,1,27.5,5,2,27.3,5,1,27.5,8,1
8-Oct,25.7,8,1,23.7,8,1,25.8,8,2,24.1,8,1,26.4,8,1,24.3,8,1,25.8,8,1,26.4,8,1,26,8,1,26.3,8,1,26.9,8,1,25.8,5,1,25.8,8,2,26.2,8,1,26,8,1
8-Nov,22.2,8,1,20,8,1,21.7,8,2,20.4,8,1,22.5,8,1,20.7,8,1,22.3,8,1,22.9,8,1,22.9,8,1,23.3,8,1,23.7,8,1,22.7,8,1,23,8,2,23.4,8,1,23.2,8,1
8-Dec,18.5,8,1,16.3,8,1,17.7,8,2,16.9,8,1,18.7,8,1,17.4,8,1,18.8,8,1,19.3,8,1,19.9,8,1,20.5,8,1,20.6,8,1,19.6,5,1,19.9,8,2,20.6,8,1,20.2,8,1
9-Jan,16,8,1,14,8,1,15.9,8,2,14.9,5,1,16.7,8,1,15,8,1,16.2,8,1,17.8,8,1,17.5,8,1,17.8,5,1,18.2,8,1,17.4,8,1,17.8,8,2,18.3,8,1,17.8,8,1
9-Feb,19,8,1,17.2,8,1,19.2,8,2,18.4,8,1,19.9,8,1,18.2,8,1,19.8,8,1,19.5,8,1,20.7,8,1,21.4,8,1,21.9,8,1,21,8,1,21.2,5,2,21.8,5,1,21.3,8,1
9-Mar,18.9,8,1,16.9,8,1,18.9,8,2,17.9,8,1,19.6,8,1,17.8,8,1,19.5,8,1,20.1,8,1,20.6,8,1,20.9,8,1,21.4,8,1,20.6,8,1,20.7,8,2,21.2,8,1,20.7,8,1
9-Apr,20.2,8,1,17.9,8,1,20,8,2,18.7,8,1,20.5,8,1,18.7,8,1,20.6,8,1,20.2,8,1,21.2,8,1,21.7,8,1,22.1,8,1,21.3,8,1,21.5,8,2,21.6,8,1,21.6,8,1
9-May,22.9,8,1,21,8,1,23.1,8,2,21.9,8,1,23.7,8,1,21.6,8,1,23.5,8,1,23.3,8,1,24.3,8,1,24.6,8,1,25.2,8,1,24.1,8,1,24.3,8,2,24.7,8,1,24.6,8,1
9-Jun,25.5,8,1,23.9,8,1,25.9,8,2,24.7,8,1,26.4,8,1,24.6,8,1,26.5,8,1,25.9,8,1,27.3,8,1,27.9,5,1,28.4,8,1,27.5,8,1,27.6,8,2,27.9,8,1,27.6,8,1
9-Jul,28.9,8,1,26.9,8,1,29,8,2,27.3,8,1,29.2,8,1,27,8,1,29.2,8,1,29.1,8,1,28.9,8,1,29.3,8,1,29.7,8,1,28.7,8,1,28.8,8,2,29,8,1,28.8,8,1
9-Aug,29.5,8,1,27.3,8,1,29.3,8,2,27.6,8,1,29.5,8,1,27.2,8,1,29.3,8,1,29,8,1,29.1,8,1,29.2,8,1,29.4,8,1,28.7,5,1,28.7,8,2,29.1,5,1,28.6,8,1
9-Sep,28.5,8,1,26.2,8,1,28.6,8,2,27.1,8,1,29,8,1,26.7,8,1,28.7,8,1,28.2,8,1,28.8,8,1,29,8,1,29.4,8,1,28.3,8,1,28.5,8,2,28.8,8,1,28.4,8,1
9-Oct,25,8,1,22.7,8,1,24.8,8,2,23.5,8,1,25.3,8,1,23.4,8,1,25.1,8,1,25.7,8,1,25.7,8,1,25.9,8,1,26.2,8,1,25.2,8,1,25.4,8,2,25.9,8,1,25.5,8,1
9-Nov,22,5,1,20,8,1,22.1,8,2,20.9,8,1,22.7,8,1,20.9,8,1,22.5,8,1,23.3,8,1,23.2,8,1,23.5,8,1,23.7,8,1,22.7,8,1,23.1,8,2,23.4,5,1,22.8,8,1
9-Dec,17.8,8,1,15.8,8,1,17.5,8,2,16.6,8,1,18.3,8,1,16.7,8,1,18,8,1,19.1,8,1,19.2,8,1,19.4,8,1,19.7,8,1,18.6,8,1,19,8,2,19.6,8,1,19.1,8,1
10-Jan,16.5,8,1,14.4,8,1,16.1,8,2,15.2,8,1,16.8,8,1,15.3,8,1,16.7,8,1,17.6,8,1,18.1,8,1,18.8,8,1,19,8,1,18.2,8,1,18.6,8,2,19.1,8,1,18.8,8,1
10-Feb,17.7,8,1,15.8,8,1,17.7,8,2,16.6,8,1,18.3,8,1,16.6,8,1,18.2,8,1,19.2,8,1,20.1,8,1,20.7,8,1,21.1,8,1,20.3,8,1,20.4,8,2,21,8,1,20.2,8,1
10-Mar,19.2,8,1,17.4,8,1,19.4,8,2,18.2,8,1,19.9,8,1,18.1,8,1,19.7,8,1,20.2,8,1,21.2,8,1,21.7,8,1,22.2,8,1,21.3,8,1,21.4,8,2,22,8,1,21.3,8,1
10-Apr,20.6,8,1,18.7,8,1,20.8,8,2,19.6,8,1,21.2,8,1,19.3,8,1,21,8,1,22.2,8,1,22,8,1,22.5,8,1,22.8,8,1,22,8,1,22.2,8,2,22.8,8,1,22,8,1
10-May,23.3,8,1,21.4,8,1,23.4,8,2,22,8,1,23.8,8,1,21.9,8,1,23.9,8,1,23.7,8,1,24.8,8,1,25.4,8,1,25.9,8,1,25,8,1,25.3,8,2,25.6,8,1,25.6,8,1
10-Jun,26.2,8,1,24.5,8,1,26.6,8,2,24.9,8,1,26.7,8,1,24.7,8,1,26.6,8,1,26,8,1,27.1,8,1,27.1,8,1,27.6,8,1,26.8,8,1,27.4,8,2,27.2,5,1,26.9,8,1
10-Jul,28.4,8,1,26.6,8,1,28.6,8,2,27,8,1,28.7,8,1,26.8,8,1,28.8,8,1,28.5,8,1,29.1,8,1,29.2,8,1,29.8,8,1,29.1,8,1,29.2,8,2,29.3,8,1,29,8,1
10-Aug,28.8,5,1,26.8,8,1,28.9,8,2,27.1,8,1,28.9,8,1,27,8,1,29.1,8,1,28.6,8,1,28.5,8,1,28.8,8,1,29.6,8,1,28.7,8,1,28.6,8,2,29.1,8,1,28.8,8,1
10-Sep,27.7,5,1,25.6,5,1,27.8,8,2,26.2,8,1,28,8,1,26.1,8,1,28.1,8,1,27.6,8,1,27.9,8,1,27.8,8,1,28.5,8,1,27.5,8,1,27.6,8,2,28,5,1,27.7,8,1
10-Oct,25.2,8,1,23.2,8,1,25.2,8,2,23.8,8,1,25.7,8,1,23.8,8,1,25.3,8,1,26.4,8,1,25.6,8,1,25.5,8,1,26,8,1,25.4,8,1,25.4,8,2,25.8,8,1,25.5,8,1
10-Nov,21.4,8,1,18.9,8,1,20.8,8,2,19.5,8,1,21.4,8,1,19.8,8,1,21.5,8,1,22.4,8,1,22.2,8,1,22.5,8,1,22.8,8,1,22.1,8,1,22.5,8,2,22.8,8,1,22.3,8,1
10-Dec,17.5,8,1,15.5,8,1,17.2,8,2,16.3,8,1,18.1,8,1,16.4,8,1,17.7,8,1,18.6,8,1,19.1,8,1,19.2,8,1,19.7,8,1,18.8,8,1,19,8,2,19.8,8,1,19.3,5,1
11-Jan,14.5,8,1,12.2,8,1,14.2,8,2,13,8,1,14.9,8,1,13.2,8,1,14.6,8,1,16.1,8,1,16.1,8,1,16.4,8,1,16.8,8,1,15.9,8,1,16.5,8,2,17.1,8,1,16.2,8,1
11-Feb,17.3,8,1,15.1,8,1,17,8,2,16.1,8,1,17.6,8,1,16,8,1,17.5,8,1,18.6,8,1,18.7,8,1,18.7,8,1,19.2,8,1,18.3,8,1,18.7,8,2,19.3,8,1,18.8,8,1
11-Mar,16.6,8,1,14.4,8,1,16.5,8,2,15.2,8,1,17.1,5,1,15.2,8,1,17.1,8,1,18.4,8,1,17.9,8,1,17.9,8,1,18.5,8,1,17.6,8,1,18,8,2,18.6,8,1,17.9,8,1
11-Apr,20,8,1,17.9,8,1,19.9,8,2,18.7,8,1,20.4,8,1,18.4,8,1,20.2,8,1,20.1,8,1,21.2,8,1,21.6,8,1,22.3,8,1,21.2,8,1,21.4,8,2,22.1,8,1,21.9,8,1
11-May,22.7,4,1,21.4,8,1,23.4,8,2,22.2,8,1,23.9,8,1,21.8,8,1,23.5,8,1,23.8,8,1,24.5,8,1,24.7,8,1,25.4,8,1,24.6,8,1,24.9,8,2,25.3,8,1,24.9,8,1
11-Jun,27.6,8,1,25.9,8,1,27.7,8,2,26.3,8,1,27.9,8,1,25.7,8,1,27.8,8,1,28.1,8,1,27.9,8,1,28,8,1,28.7,8,1,27.9,8,1,28.2,8,2,28.4,8,1,28,8,1
11-Jul,29,8,1,26.5,8,1,28.8,8,2,27,8,1,28.9,8,1,26.6,8,1,28.9,8,1,28.7,8,1,28.8,8,1,28.6,8,1,29.4,8,1,28.4,8,1,28.5,8,2,28.8,8,1,28.5,8,1
11-Aug,28,5,1,26.1,5,1,28.2,8,2,26.5,8,1,28.3,8,1,26.2,8,1,28.5,8,1,27.8,8,1,28.6,8,1,29.1,8,1,29.8,8,1,28.7,8,1,28.9,8,2,29.5,8,1,29.2,8,1
11-Sep,27.7,8,1,25.4,8,1,27.6,8,2,26,8,1,27.9,8,1,25.7,8,1,27.7,8,1,27.4,8,1,27.8,8,1,27.7,8,1,28.3,8,1,26.9,8,1,27.5,8,2,28,8,1,27.4,8,1
11-Oct,24.8,8,1,22.8,8,1,24.7,8,2,23.3,8,1,25.2,8,1,23.1,8,1,24.8,8,1,26.2,8,1,25.6,8,1,25.4,8,1,25.8,8,1,24.8,8,1,25.2,8,2,25.6,8,1,25.2,8,1
11-Nov,23.3,8,1,21.2,8,1,23.3,8,2,21.8,5,1,23.7,8,1,21.9,8,1,23.6,8,1,24.3,8,1,24.2,8,1,24.4,8,1,24.9,8,1,24,8,1,24.3,8,2,24.7,8,1,24.2,8,1
11-Dec,18.4,8,1,16.1,8,1,17.8,8,2,16.7,8,1,18.6,8,1,16.9,8,1,18.6,8,1,19.5,8,1,19.4,8,1,19.4,8,1,19.7,8,1,18.9,8,1,19.5,8,2,19.8,8,1,19.3,8,1
12-Jan,16.6,8,1,14.4,8,1,16.4,8,2,15.2,8,1,17,8,1,15.2,8,1,16.9,8,1,18.6,8,1,18.3,8,1,18.3,8,1,18.8,8,1,18,8,1,18.3,8,2,19,8,1,18.2,8,1
12-Feb,16.8,8,1,14.8,8,1,16.9,8,2,15.7,8,1,17.5,8,1,15.6,8,1,17.3,8,1,18.5,8,1,18.5,8,1,18.6,8,1,19.1,8,1,18.4,8,1,18.7,8,2,19.4,8,1,18.8,8,1
12-Mar,18.8,8,1,17,8,1,18.9,8,2,17.7,8,1,19.6,8,1,17.6,8,1,19.5,8,1,20.4,8,1,20.9,8,1,21.3,8,1,21.8,8,1,21.1,8,1,21.3,8,2,21.9,8,1,21.4,8,1
12-Apr,20.9,8,1,19,8,1,21.1,8,2,19.9,8,1,21.7,8,1,19.7,8,1,21.6,8,1,21.5,8,1,23,8,1,23.2,5,1,23.8,8,1,23.4,5,1,23.5,8,2,23.8,8,1,23.4,8,1
12-May,23.5,8,1,21.6,8,1,23.8,8,2,22.5,8,1,24.4,8,1,22.4,8,1,24.3,8,1,23.6,8,1,25.1,8,1,25.4,5,1,26,8,1,25.4,8,1,25.4,8,2,25.9,8,1,25.5,8,1
12-Jun,26.5,8,1,24.8,8,1,26.8,8,2,25.1,8,1,26.9,8,1,24.9,8,1,27.3,8,1,26.8,8,1,27.5,8,1,27.7,8,1,28.3,8,1,27.9,5,1,27.9,8,2,28,8,1,27.8,8,1
12-Jul,28.9,5,1,26.7,8,1,29,8,2,27.2,8,1,29.1,8,1,27,8,1,29.4,8,1,28.9,8,1,29.1,8,1,29.3,8,1,29.7,8,1,29.3,8,1,28.9,8,2,29.3,8,1,29,8,1
12-Aug,28.3,8,1,26.3,8,1,28.3,8,2,26.7,8,1,28.5,8,1,26.5,8,1,28.6,8,1,28.2,8,1,28.3,8,1,28.4,8,1,28.9,8,1,28.3,8,1,28.2,8,2,28.4,8,1,28.1,8,1
12-Sep,26.8,8,1,24.7,8,1,26.9,8,2,25.3,8,1,27.2,8,1,25.2,8,1,27,8,1,27.3,8,1,27.2,8,1,27.5,8,1,28,8,1,26.8,8,1,26.8,8,2,27.4,8,1,26.9,8,1
12-Oct,24.3,8,1,22.1,8,1,24,8,2,22.8,8,1,24.6,8,1,22.4,8,1,24.2,8,1,25.2,8,1,24.6,8,1,24.6,8,1,24.9,8,1,24,8,1,24.5,8,2,25,8,1,24.6,8,1
12-Nov,20.6,8,1,18.4,8,1,20.3,8,2,19.2,8,1,21,8,1,19.3,8,1,20.8,8,1,21.2,8,1,22.1,8,1,22.4,8,1,22.6,8,1,22,8,1,22.2,8,2,22.6,8,1,22.3,8,1
12-Dec,18,8,1,15.9,8,1,17.9,8,2,16.7,8,1,18.5,8,1,16.7,8,1,18.3,8,1,18.8,8,1,19.3,8,1,19.6,8,1,19.9,8,1,19.1,8,1,19.6,8,2,19.9,8,1,19.5,8,1
13-Jan,16.5,8,1,14.3,8,1,16.1,8,2,15.2,8,1,17,8,1,15.3,8,1,16.7,8,1,17.7,8,1,18.2,8,1,18.4,8,1,18.7,8,1,18,8,1,18.3,8,2,18.9,8,1,18.5,8,1
13-Feb,18,8,1,15.8,8,1,17.9,8,2,17,8,1,18.6,8,1,16.8,8,1,18.7,8,1,19.4,8,1,20.2,8,1,20.7,8,1,21.2,8,1,20.6,8,1,20.4,8,2,21.2,8,1,20.6,8,1
13-Mar,19.7,5,1,17.8,8,1,19.7,8,2,18.6,8,1,20.4,8,1,18.4,8,1,20.2,8,1,20.5,8,1,21.2,8,1,21.5,8,1,22,8,1,21.3,8,1,21.3,8,2,22,8,1,21.5,8,1
13-Apr,19.9,8,1,18,8,1,19.9,8,2,18.8,8,1,20.6,8,1,18.8,8,1,20.7,8,1,20.6,8,1,21.5,8,1,21.9,8,1,22.3,8,1,21.7,8,1,21.7,8,2,22.4,8,1,22.1,8,1
13-May,23.1,8,1,21.2,8,1,23.2,8,2,22,8,1,23.7,8,1,21.7,8,1,23.9,8,1,23.5,8,1,25,8,1,25.3,8,1,26,8,1,25.4,8,1,25.3,8,2,25.8,8,1,25.2,8,1
13-Jun,27.2,8,1,25.4,8,1,27.6,8,2,26.2,8,1,27.9,8,1,25.7,8,1,27.9,8,1,28.1,8,1,28.3,8,1,28.5,8,1,29.2,8,1,28.5,8,1,28.3,8,2,28.9,8,1,28.3,8,1
13-Jul,29.2,8,1,26.9,8,1,29.1,8,2,27.4,8,1,29.4,8,1,27,8,1,29.4,8,1,28.8,8,1,28.7,8,1,28.9,8,1,29.5,8,1,28.9,8,1,28.5,8,2,29.2,8,1,28.9,8,1
13-Aug,29.6,8,1,27.4,8,1,29.6,8,2,28,8,1,29.6,8,1,27.4,8,1,29.7,8,1,29.3,8,1,29.1,8,1,29,8,1,29.7,8,1,28.9,8,1,28.5,8,2,29.2,8,1,28.9,8,1
13-Sep,28.2,8,1,26.1,8,1,28.1,8,2,26.7,8,1,28.3,8,1,26.2,8,1,28.4,8,1,28.7,8,1,27.9,8,1,27.9,8,1,28.5,8,1,27.6,8,1,27.7,8,2,28.1,8,1,27.6,8,1
13-Oct,25.3,8,1,23,8,1,24.9,8,2,23.5,8,1,25.3,8,1,23.4,8,1,25.5,8,1,25.7,8,1,25.3,8,1,25.3,8,1,25.7,5,1,24.8,8,1,25.4,8,2,25.7,8,1,25.2,8,1
13-Nov,20.8,8,1,18.6,8,1,20.5,8,2,19.4,8,1,21.3,8,1,19.5,8,1,20.9,8,1,21.6,8,1,22,8,1,22.1,8,1,22.6,8,1,21.8,8,1,22.1,8,2,22.6,8,1,22,5,1
13-Dec,16.9,8,1,14.8,8,1,16.5,8,2,15.5,8,1,17.3,8,1,15.7,8,1,17.1,8,1,18.5,8,1,18.5,8,1,18.5,8,1,18.7,8,1,18.2,8,1,18.5,8,2,19,8,1,18.5,8,1
14-Jan,16.5,8,1,14.4,8,1,16,8,2,15.3,8,1,16.8,8,1,15.4,8,1,16.8,8,1,17.3,8,1,17.8,8,1,18.2,8,1,18.5,8,1,17.6,8,1,17.8,8,2,18.6,8,1,18.3,8,1
14-Feb,17.3,8,1,15.2,8,1,17.2,8,2,16.1,8,1,17.9,8,1,16.1,8,1,17.7,8,1,18.2,8,1,18.7,5,1,18.9,8,1,19.2,8,1,18.6,8,1,18.7,8,2,19.3,8,1,18.8,5,1
14-Mar,17.9,8,1,15.8,8,1,17.8,8,2,16.7,8,1,18.4,8,1,16.6,8,1,18.3,8,1,18.7,8,1,19.3,8,1,19.7,8,1,20.1,8,1,19.4,8,1,19.5,8,2,20,5,1,19.5,8,1
14-Apr,20.3,8,1,18.1,8,1,20.3,8,2,19.1,8,1,20.9,8,1,18.9,8,1,20.9,8,1,20.7,8,1,21.8,8,1,22.4,8,1,23,8,1,22.3,8,1,22.2,8,2,22.9,8,1,22.7,8,1
14-May,22.7,8,1,20.9,8,1,23,8,2,21.9,8,1,23.6,8,1,21.7,8,1,23.6,8,1,23.6,8,1,25,8,1,25.5,8,1,26.1,8,1,25.4,8,1,25.4,8,2,26,8,1,25.2,8,1
14-Jun,26,8,1,24.4,8,1,26.4,8,2,25.2,8,1,26.9,8,1,25,8,1,27.1,8,1,26.9,8,1,28.1,8,1,28.4,8,1,29,8,1,28.3,8,1,28.2,8,2,28.7,8,1,28.1,8,1
14-Jul,28.7,8,1,27.1,5,1,29.2,8,2,27.4,8,1,29.3,8,1,27.1,8,1,29.6,8,1,29,8,1,29.4,8,1,29.7,8,1,30.2,8,1,29.4,8,1,29.5,8,2,30,8,1,29.6,8,1
14-Aug,28.4,8,1,26.8,8,1,28.5,8,2,27,8,1,28.7,8,1,26.8,8,1,28.8,8,1,28.4,8,1,28.7,8,1,29.1,8,1,29.8,8,1,28.9,8,1,28.8,8,2,29.5,5,1,29.2,8,1
14-Sep,28.2,8,1,26.5,8,1,28.3,8,2,26.8,8,1,28.8,8,1,26.7,8,1,28.6,8,1,28.6,8,1,28.9,8,1,29.1,8,1,29.9,8,1,28.7,8,1,28.6,8,2,29.5,8,1,29,8,1
14-Oct,25,8,1,23.1,8,1,24.8,8,2,23.4,8,1,25.4,8,1,23.4,5,1,25.3,5,1,25.5,8,1,25.5,8,1,25.8,8,1,26.1,8,1,25.3,8,1,25.8,8,2,26.1,8,1,25.5,8,1
14-Nov,22.2,8,1,20.2,8,1,22,5,2,20.6,8,1,22.6,8,1,20.7,8,1,22.7,8,1,23.1,8,1,23.3,8,1,23.7,8,1,24,8,1,23.2,8,1,23.7,5,2,23.9,5,1,23.5,8,1
14-Dec,17.3,8,1,15.2,8,1,17,5,2,15.6,8,1,17.6,8,1,15.8,8,1,17.6,8,1,18.8,8,1,18.6,8,1,18.9,8,1,19,8,1,18.4,8,1,18.7,5,2,19.1,8,1,18.2,5,1
15-Jan,16.2,8,1,14.3,8,1,16,8,2,14.8,8,1,16.6,8,1,14.9,8,1,16.4,8,1,17.5,8,1,17.7,8,1,18,8,1,18.2,8,1,17.6,8,1,17.9,8,2,18.2,8,1,17.9,8,1
15-Feb,16.2,8,1,14.2,8,1,16.1,8,2,15.1,8,1,16.8,8,1,15,8,1,16.5,8,1,17.1,8,1,18,8,1,18.6,8,1,18.9,8,1,18.3,8,1,18.8,8,2,18.8,8,1,18.9,8,1
15-Mar,18.5,8,1,16.4,8,1,18.6,8,2,17.3,8,1,19,8,1,17.1,8,1,19.1,8,1,19,8,1,20,8,1,20.5,8,1,21,8,1,20.4,8,1,20.5,5,2,20.8,8,1,20.7,8,1
15-Apr,21.6,8,1,19.6,8,1,21.8,8,2,20.4,8,1,22.2,8,1,20.2,8,1,22.2,8,1,22.4,8,1,22.9,8,1,23,8,1,23.7,8,1,23,8,1,23.4,8,2,23.4,8,1,23.1,8,1
15-May,23.9,8,1,22.3,8,1,24.5,8,2,23.2,8,1,24.9,8,1,22.7,8,1,24.6,8,1,25.7,8,1,25.9,8,1,26.2,8,1,26.8,8,1,26.1,8,1,26.3,8,2,26.4,8,1,26.1,8,1
15-Jun,27.9,8,1,26.4,8,1,28.4,8,2,26.8,8,1,28.7,8,1,26.6,8,1,29,8,1,28,8,1,29.3,8,1,29.4,8,1,29.8,8,1,29.3,8,1,29.4,8,2,29.4,8,1,29.1,8,1
15-Jul,28.6,5,1,26.5,8,1,28.8,8,2,27.1,8,1,29,8,1,26.8,8,1,28.9,8,1,27.5,8,1,29.1,8,1,29.1,8,1,29.8,8,1,28.9,8,1,29.1,8,2,29.4,8,1,29.1,8,1
15-Aug,28.4,8,1,26.3,8,1,28.6,8,2,26.8,8,1,28.7,8,1,26.7,8,1,28.8,8,1,28.5,8,1,28.5,8,1,28.6,5,1,29,8,1,28.3,8,1,28.5,8,2,28.7,5,1,28.3,8,1
15-Sep,27.4,8,1,25.2,8,1,27.5,8,2,25.7,8,1,27.8,8,1,25.6,8,1,27.5,8,1,28,8,1,27.6,8,1,27.4,8,1,28.1,8,1,27.1,8,1,27.4,8,2,27.6,8,1,27.2,5,1
15-Oct,25.1,8,1,22.7,8,1,24.8,5,2,23.4,8,1,25.5,8,1,23.4,8,1,25.4,8,1,25.6,8,1,25.7,8,1,25.8,8,1,26.2,8,1,25.5,8,1,25.7,8,2,25.9,8,1,25.7,8,1
15-Nov,23.3,8,1,21.1,8,1,23.2,8,2,22,8,1,23.8,8,1,22,8,1,23.7,8,1,24.2,8,1,24.5,8,1,24.9,8,1,25.3,8,1,24.5,8,1,24.7,8,2,25,8,1,24.6,8,1
15-Dec,19.7,8,1,17.4,8,1,19.4,8,2,18.2,8,1,20.1,8,1,18.4,8,1,20.1,8,1,20.8,8,1,21.3,8,1,21.4,8,1,21.7,8,1,21.1,8,1,21.5,8,2,21.6,8,1,21.2,8,1
16-Jan,17,8,1,14.7,8,1,16.7,8,2,15.6,8,1,17.4,8,1,15.9,8,1,17.6,8,1,18.9,8,1,18.9,8,1,19.2,8,1,19.4,8,1,18.8,8,1,19.2,8,2,19.5,8,1,18.9,5,1
16-Feb,16.3,8,1,14.1,8,1,16.1,8,2,15,8,1,16.9,8,1,15.1,8,1,16.6,8,1,17.8,8,1,18,8,1,18.1,8,1,18.5,8,1,17.8,8,1,18.1,8,2,18.5,8,1,17.8,8,1
16-Mar,18.3,8,1,16,8,1,18.1,8,2,16.9,8,1,18.7,8,1,16.9,8,1,18.7,8,1,19.2,8,1,19.4,8,1,19.8,8,1,20.2,8,1,19.4,8,1,19.7,8,2,20.1,5,1,19.6,8,1
16-Apr,22.3,8,1,20.7,8,1,22.7,8,2,21.2,8,1,23,8,1,21.1,8,1,23,8,1,23.7,8,1,24.1,8,1,24.5,8,1,25,8,1,24.5,8,1,24.9,8,2,24.9,8,1,24.7,8,1
16-May,24.9,8,1,23,8,1,25.3,8,2,23.9,8,1,25.7,8,1,23.6,8,1,25.7,8,1,26,8,1,26.5,8,1,26.8,8,1,27.4,8,1,26.7,8,1,27,8,2,27,8,1,26.8,8,1
16-Jun,27.7,8,1,26,8,1,28.1,8,2,26.7,8,1,28.4,8,1,26.3,8,1,28.4,8,1,27.9,8,1,29.1,8,1,29.2,8,1,29.9,8,1,29.2,8,1,29.2,8,2,29.4,8,1,29,8,1
16-Jul,29.6,8,1,27.4,8,1,29.6,8,2,27.9,8,1,29.8,8,1,27.7,8,1,29.8,8,1,29.5,8,1,29.6,8,1,29.7,8,1,30.4,8,1,29.6,8,1,29.7,8,2,29.8,8,1,29.7,8,1
16-Aug,29.3,8,1,27.1,8,1,29.4,8,2,27.6,8,1,29.5,8,1,27.6,8,1,29.5,8,1,29.2,8,1,29.3,8,1,29.2,8,1,29.9,8,1,28.8,8,1,29.1,8,2,29.4,8,1,29.2,8,1
16-Sep,28.4,8,1,26,8,1,28.2,8,2,26.5,8,1,28.4,8,1,26.4,8,1,28.5,8,1,28.1,8,1,28.1,8,1,28.1,8,1,28.5,8,1,27.5,8,1,27.9,5,2,27.8,8,1,27.7,8,1
16-Oct,27.4,8,1,25.2,8,1,27.4,8,2,25.7,8,1,27.7,8,1,25.6,8,1,27.4,8,1,27.6,8,1,27.2,8,1,27.4,8,1,27.9,8,1,27,8,1,27.1,8,2,27.4,8,1,27,8,1
16-Nov,22.7,8,1,20.4,8,1,22.3,8,2,21.2,8,1,23.2,8,1,21.4,8,1,23,8,1,23.8,8,1,23.9,8,1,24.1,8,1,24.4,8,1,23.4,8,1,23.7,8,2,24.2,8,1,23.8,8,1
16-Dec,20.2,8,1,17.7,8,1,19.8,8,2,18.6,8,1,20.5,8,1,18.9,8,1,20.7,8,1,21.1,8,1,21.6,8,1,21.8,8,1,22,8,1,21.2,8,1,21.7,8,2,21.9,8,1,21.6,8,1
17-Jan,17.9,8,1,15.5,8,1,17.6,8,2,16.6,8,1,18.4,8,1,16.8,8,1,18.4,8,1,18.5,8,1,19.7,8,1,20,8,1,20.5,8,1,19.6,8,1,19.9,8,2,20.4,8,1,19.9,8,1
17-Feb,16.7,8,1,14.2,8,1,16.4,8,2,15.2,8,1,17.1,8,1,15.4,8,1,17.2,8,1,17.8,8,1,18.4,8,1,18.7,8,1,19.1,8,1,18.5,8,1,18.7,8,2,19.2,8,1,18.7,8,1
17-Mar,17.8,8,1,15.6,8,1,17.7,8,2,16.4,8,1,18.3,8,1,16.5,8,1,18.3,8,1,18.9,8,1,19.4,8,1,19.8,8,1,20.4,8,1,19.7,8,1,19.8,8,2,20.3,8,1,20,8,1
17-Apr,21.1,8,1,19,8,1,21.1,8,2,19.7,8,1,21.6,8,1,19.6,8,1,21.5,8,1,21.4,8,1,22.1,8,1,22.5,8,1,23,8,1,22.3,8,1,22.7,8,2,22.8,8,1,22.8,8,1
17-May,23.4,8,1,21.3,8,1,23.6,8,2,22.2,8,1,24.2,8,1,22.2,8,1,24.3,8,1,23.7,8,1,24.8,8,1,25.3,8,1,26,8,1,25.2,8,1,25.4,8,2,25.7,8,1,25.5,8,1
17-Jun,26.1,8,1,24.1,8,1,26.4,8,2,24.8,8,1,26.6,8,1,24.7,8,1,26.8,8,1,25.9,8,1,27.6,8,1,28.1,8,1,28.7,8,1,28.1,8,1,28.4,8,2,28.4,8,1,28.3,8,1
17-Jul,29.4,8,1,27.4,8,1,29.6,8,2,27.8,8,1,29.9,8,1,27.5,8,1,29.6,8,1,29.1,8,1,29.3,8,1,29.2,8,1,30,8,1,29,8,1,29.1,8,2,29.5,5,1,29.3,8,1
17-Aug,30.1,8,1,27.9,8,1,30.2,8,2,28.6,8,1,30.4,8,1,28.2,8,1,30.4,8,1,30.2,8,1,29.9,8,1,29.7,8,1,30.4,8,1,29.7,8,1,29.6,8,2,29.9,5,1,29.5,8,1
17-Sep,28.5,8,1,26.3,8,1,28.7,8,2,27,8,1,28.9,8,1,26.8,8,1,28.7,8,1,29.2,8,1,28.7,8,1,28.6,8,1,29.5,8,1,28.5,8,1,28.8,8,2,29,8,1,28.8,8,1
17-Oct,26.9,8,1,24.4,8,1,26.7,8,2,25,8,1,27,8,1,25.1,8,1,27,8,1,27.3,8,1,27,8,1,26.9,8,1,27.3,8,1,26.5,8,1,27,8,2,27,8,1,26.8,8,1
17-Nov,22.6,8,1,20,8,1,22.2,8,2,20.9,8,1,22.8,8,1,21,8,1,22.9,8,1,23.6,8,1,23.6,8,1,23.9,8,1,24.2,8,1,23.4,8,1,23.7,8,2,24.1,8,1,23.6,8,1
17-Dec,17.8,8,1,15.2,8,1,17.3,8,2,16.1,8,1,18,8,1,16.3,8,1,18.2,8,1,19.1,8,1,19.3,8,1,19.4,8,1,19.6,8,1,19,8,1,19.5,8,2,19.7,8,1,19.5,8,1
18-Jan,16.7,8,1,14.2,8,1,16.5,8,2,15.4,8,1,17.2,8,1,15.4,8,1,17.2,8,1,18.1,8,1,18.3,8,1,18.7,8,1,19.1,8,1,18.3,8,1,18.7,8,2,19,8,1,18.5,8,1
18-Feb,16.4,8,1,14.1,8,1,16.2,8,2,15.1,8,1,16.9,8,1,15.1,8,1,16.5,8,1,17.7,8,1,17.6,8,1,17.8,8,1,18.3,8,1,17.6,8,1,17.9,8,2,18.4,8,1,17.8,8,1
18-Mar,19.4,8,1,17.1,8,1,19.1,8,2,17.9,8,1,19.9,8,1,17.9,8,1,19.7,8,1,20,8,1,20.4,8,1,21,8,1,21.5,8,1,20.4,8,1,20.9,8,2,21.1,8,1,21,8,1
18-Apr,21.2,8,1,18.8,8,1,21,8,2,19.7,8,1,21.6,8,1,19.6,8,1,21.5,8,1,22.2,8,1,21.9,8,1,22.4,8,1,22.9,8,1,22.1,8,1,22.5,8,2,22.7,8,1,22.5,4,1
18-May,24.8,8,1,23,8,1,25.3,8,2,23.8,8,1,25.6,8,1,23.3,8,1,25.5,8,1,25.3,8,1,25.9,8,1,26.5,8,1,27.2,8,1,26.4,8,1,26.7,8,2,26.9,8,1,26.8,8,1
18-Jun,26.8,8,1,25,8,1,27.4,8,2,25.8,8,1,27.8,8,1,25.5,8,1,27.5,8,1,27.2,8,1,27.8,8,1,27.9,8,1,28.5,8,1,27.8,5,1,27.9,8,2,28.1,8,1,28,8,1
18-Jul,28,8,1,25.9,8,1,28.4,8,2,26.4,8,1,28.3,8,1,26.2,8,1,28.3,8,1,28.3,8,1,28.2,8,1,28.4,8,1,29.1,8,1,28.3,8,1,28.7,8,2,28.7,8,1,28.5,8,1
18-Aug,28.4,8,1,26.2,8,1,28.5,8,2,26.6,8,1,28.5,8,1,26.5,8,1,28.6,8,1,28.7,8,1,28.2,8,1,28.3,8,1,29.2,8,1,28.3,8,1,28.3,8,2,28.6,8,1,28.4,8,1
18-Sep,28.1,5,1,25.8,8,1,28,8,2,26.4,8,1,28.4,8,1,26.3,8,1,28.2,8,1,28.2,8,1,28.1,8,1,28,8,1,28.6,8,1,27.5,8,1,27.7,8,2,27.9,8,1,27.8,8,1
18-Oct,23.8,8,1,21.3,8,1,23.5,8,2,22,8,1,23.9,8,1,21.9,8,1,23.9,8,1,25.1,8,1,24.2,8,1,24.3,8,1,24.7,8,1,23.9,8,1,24.4,8,2,24.6,8,1,24.6,8,1
18-Nov,22.6,5,1,20.1,8,1,22.2,8,2,21.1,8,1,23.1,8,1,21.3,8,1,23,8,1,23.1,8,1,23.4,8,1,23.6,8,1,24,8,1,23,8,1,23.6,8,2,23.8,8,1,23.3,5,1
18-Dec,20,8,1,17.6,8,1,19.7,8,2,18.6,8,1,20.4,8,1,18.8,8,1,20.3,8,1,21.4,8,1,21.3,8,1,21.5,8,1,21.9,8,1,21,8,1,21.3,8,2,21.8,8,1,21.2,8,1
19-Jan,17.8,8,1,15.3,8,1,17.4,8,2,16.2,8,1,18.1,8,1,16.4,8,1,18,8,1,18.5,8,1,19.3,8,1,19.6,8,1,19.9,8,1,19.2,8,1,19.6,8,2,20.1,8,1,19.7,8,1
19-Feb,19.3,8,1,17,8,1,19.2,8,2,18.2,8,1,20,8,1,18.1,8,1,19.7,8,1,20.4,8,1,21.3,8,1,21.5,8,1,22.2,8,1,21.4,8,1,21.5,8,2,22.2,8,1,21.3,8,1
19-Mar,19.4,8,1,17,8,1,19.5,8,2,18,8,1,19.9,8,1,18,8,1,19.8,8,1,20.4,8,1,21,8,1,21.3,8,1,21.9,8,1,21.3,8,1,21.4,8,2,21.8,8,1,21.3,5,1
19-Apr,21.8,8,1,19.5,8,1,21.9,8,2,20.5,8,1,22.3,8,1,20.4,8,1,22.4,8,1,22.1,8,1,23.7,8,1,24.1,8,1,24.8,8,1,24,8,1,24.3,8,2,24.6,8,1,24.3,8,1
19-May,23.8,8,1,21.6,8,1,23.8,8,2,22.2,8,1,24.2,8,1,22.2,8,1,24.3,8,1,23.9,8,1,25,8,1,25.1,8,1,25.8,8,1,25.1,8,1,25.1,8,2,25.7,8,1,25.1,8,1
19-Jun,25.8,8,1,24,5,1,26.1,8,2,24.8,8,1,26.5,8,1,24.7,8,1,26.7,8,1,26.2,8,1,27.6,8,1,27.8,8,1,28.3,8,1,27.8,5,1,28.1,8,2,28.2,8,1,28.2,5,1
19-Jul,28.6,8,1,26.6,8,1,28.8,8,2,27,8,1,28.9,8,1,26.9,8,1,28.9,8,1,28.5,8,1,29.1,8,1,29.2,8,1,29.9,8,1,29.2,8,1,29.2,8,2,29.5,5,1,29.2,8,1
19-Aug,29.1,8,1,26.8,8,1,29.1,8,2,27.2,8,1,29.2,8,1,27.1,8,1,29.1,8,1,29,8,1,28.7,8,1,28.9,8,1,29.6,8,1,28.8,8,1,28.9,8,2,29.1,8,1,28.8,8,1
19-Sep,28,8,1,25.6,8,1,27.9,8,2,26,8,1,28,8,1,25.8,8,1,28,8,1,28.7,8,1,27.3,8,1,27.2,8,1,27.8,8,1,26.9,8,1,27.3,8,2,27.3,8,1,27.2,8,1
19-Oct,25.7,8,1,23.3,8,1,25.6,8,2,24,8,1,26,8,1,23.7,8,1,25.8,8,1,26.5,8,1,25.7,8,1,25.4,8,1,26,8,1,25.2,8,1,25.7,8,2,25.8,8,1,25.6,8,1
19-Nov,22.8,8,1,20.3,8,1,22.6,8,2,21.1,8,1,23.1,8,1,21.1,8,1,22.9,8,1,24,8,1,23.1,8,1,23.2,8,1,23.6,8,1,22.9,8,1,23.2,8,2,23.6,8,1,23.3,8,1
19-Dec,19.7,8,1,17.2,8,1,19.3,8,2,18.1,8,1,20,8,1,18.3,8,1,19.9,8,1,21.1,8,1,20.8,8,1,20.8,8,1,21.1,8,1,20.5,8,1,20.8,8,2,21.2,8,1,20.6,8,1
20-Jan,18.3,8,1,15.8,8,1,17.9,8,2,16.8,8,1,18.7,8,1,16.9,8,1,18.3,8,1,19.7,8,1,19.4,8,1,19.6,8,1,20,8,1,19.1,8,1,19.4,8,2,20,8,1,19.5,8,1
20-Feb,18.2,8,1,15.8,8,1,17.8,8,2,16.8,8,1,18.7,8,1,16.9,8,1,18.5,8,1,19.6,8,1,19.6,8,1,19.9,8,1,20.4,8,1,19.6,8,1,19.8,8,2,20.2,8,1,19.9,8,1
20-Mar,19.5,8,1,17.1,8,1,19.4,8,2,18.2,8,1,20.1,8,1,18.2,8,1,20,8,1,20.8,8,1,21,8,1,21.1,8,1,21.7,8,1,21,8,1,21.3,8,2,21.6,8,1,21.3,8,1
20-Apr,19.5,8,1,16.9,8,1,19.1,8,2,17.9,8,1,19.8,8,1,17.9,8,1,19.8,8,1,20.4,8,1,21.2,8,1,21.5,8,1,22,8,1,21.3,8,1,21.7,8,2,21.9,8,1,21.7,8,1
20-May,24,8,1,21.9,8,1,24.1,8,2,22.8,8,1,24.8,8,1,22.7,8,1,24.9,8,1,24.1,8,1,26.1,8,1,26.1,5,1,26.7,8,1,26.1,8,1,26.3,8,2,26.5,8,1,26.1,8,1
20-Jun,27.7,8,1,25.8,8,1,27.9,8,2,26.2,8,1,28.1,8,1,26.1,8,1,28.5,8,1,27.9,8,1,28.8,8,1,28.9,8,1,29.6,8,1,29.1,5,1,29.3,8,2,29.4,5,1,29.2,8,1
20-Jul,28.9,8,1,26.8,8,1,29,8,2,27.2,8,1,29.3,8,1,27.2,8,1,29.4,8,1,29,8,1,29.4,8,1,29.7,8,1,30.3,8,1,29.8,8,1,29.6,8,2,30.4,8,1,30.1,8,1
20-Aug,29.2,8,1,26.8,8,1,29.3,8,2,27.3,8,1,29.4,8,1,27.2,8,1,29.3,8,1,29.1,8,1,28.7,8,1,29,8,1,29.6,8,1,29,8,1,28.8,8,2,29,8,1,28.9,8,1
20-Sep,27.2,5,1,25,8,1,27.4,8,2,25.7,8,1,27.7,8,1,25.5,8,1,27.4,8,1,27.6,8,1,27.8,8,1,27.9,8,1,28.5,8,1,27.6,8,1,27.8,8,2,28,8,1,27.8,8,1
20-Oct,25.6,8,1,22.9,8,1,25,8,2,23.7,8,1,25.8,8,1,23.6,8,1,25.7,8,1,26,8,1,25.7,8,1,25.9,8,1,26.2,8,1,25.6,8,1,26,8,2,26.1,8,1,25.9,8,1
20-Nov,23.4,8,1,20.6,8,1,23,8,2,21.5,8,1,23.4,8,1,21.6,8,1,23.6,8,1,23.8,8,1,24.1,8,1,24,5,1,24.4,8,1,23.9,8,1,24.3,8,2,24.4,5,1,24.1,8,1
20-Dec,19,8,1,16.3,8,1,18.5,8,2,17.3,8,1,19.2,8,1,17.5,8,1,19.2,8,1,20.6,8,1,20.2,8,1,20.1,8,1,20.4,8,1,19.9,8,1,20.1,8,2,20.5,8,1,20,8,1
21-Jan,16.6,8,1,13.9,5,1,16,8,2,14.8,5,1,16.8,8,1,15,8,1,16.3,5,1,18.3,8,1,17.5,8,1,17.4,5,1,17.7,8,1,17.3,5,1,17.4,8,2,17.9,8,1,17.3,8,1
21-Feb,18,8,1,15.7,8,1,17.6,8,2,16.7,8,1,18.5,8,1,16.8,8,1,18.3,8,1,18.9,8,1,19.7,8,1,19.9,5,1,20.5,8,1,19.8,8,1,20,8,2,20.4,8,1,20.1,8,1
21-Mar,20.3,8,1,17.8,8,1,20.2,8,2,18.9,8,1,20.8,8,1,18.8,8,1,20.6,8,1,20.9,8,1,21.4,8,1,21.7,8,1,22.3,8,1,21.7,8,1,21.7,8,2,22.2,5,1,21.9,8,1
21-Apr,21.3,8,1,18.8,8,1,21.3,8,2,19.7,8,1,21.7,8,1,19.6,8,1,21.6,8,1,21.5,8,1,22.6,8,1,22.9,8,1,23.5,8,1,22.9,8,1,23,8,2,23.3,8,1,23.1,8,1
21-May,25,8,1,23.2,8,1,25.4,8,2,23.7,8,1,25.8,8,1,23.7,8,1,26,8,1,26.1,8,1,27,8,1,27.3,8,1,27.9,8,1,27.6,8,1,27.8,8,2,27.9,8,1,27.6,8,1
21-Jun,26.6,8,1,24.5,8,1,26.9,8,2,25.2,8,1,27.1,8,1,25.2,8,1,27.6,8,1,27.1,8,1,28.3,8,1,28.4,8,1,29.1,8,1,28.6,8,1,28.5,8,2,28.6,8,1,28.4,8,1
21-Jul,28.5,8,1,26.1,8,1,28.6,8,2,26.7,8,1,28.8,8,1,26.5,8,1,28.8,8,1,27.9,8,1,28.8,8,1,29.2,8,1,29.9,8,1,29.3,8,1,29.2,8,2,29.5,8,1,29.2,8,1
21-Aug,28.5,8,1,26.1,8,1,28.5,8,2,26.5,8,1,28.7,8,1,26.3,8,1,28.4,8,1,28.2,8,1,28.2,8,1,28.5,8,1,29.2,8,1,28.8,8,1,28.7,8,2,28.6,8,1,28.6,8,1
21-Sep,28.4,8,1,26,8,1,28.4,8,2,26.8,8,1,28.8,8,1,26.7,8,1,28.5,8,1,28.8,8,1,28.5,8,1,28.5,8,1,29.3,8,1,28.5,8,1,28.3,8,2,28.8,8,1,28.5,8,1
21-Oct,25.8,8,1,22.9,8,1,25.3,8,2,23.8,8,1,26,8,1,24,8,1,25.8,8,1,26,8,1,26.2,8,1,26.2,8,1,26.8,8,1,26.1,8,1,26.1,8,2,26.3,8,1,26.2,8,1
21-Nov,21.6,5,1,18.9,5,1,20.9,8,2,19.7,8,1,21.8,8,1,20,8,1,21.6,8,1,22.3,8,1,22.6,8,1,22.7,8,1,23.2,8,1,22.7,8,1,22.8,8,2,23.2,5,1,22.8,8,1
21-Dec,18.5,8,1,15.8,8,1,17.9,8,2,16.9,8,1,18.9,8,1,17.1,8,1,18.7,8,1,19.3,8,1,20,8,1,20.3,8,1,20.7,8,1,20.2,8,1,20.5,8,2,20.9,8,1,20.3,8,1
22-Jan,17.5,8,1,14.7,8,1,16.9,8,2,15.8,8,1,17.7,8,1,16.1,8,1,17.8,8,1,17.8,8,1,19.1,8,1,19.3,8,1,19.8,8,1,19.4,8,1,19.4,8,2,19.9,8,1,19.3,8,1
22-Feb,16.8,8,1,14.1,8,1,16.6,8,2,15.4,8,1,17.2,8,1,15.5,8,1,17.2,8,1,17.5,8,1,18.4,8,1,18.6,8,1,19,8,1,18.7,8,1,18.8,8,2,19.4,8,1,18.5,8,1
22-Mar,19.9,8,1,17.2,8,1,19.8,8,2,18.5,8,1,20.4,8,1,18.5,8,1,20.4,8,1,20.4,8,1,21.2,8,1,21.8,8,1,22.2,8,1,21.8,8,1,21.8,8,2,22.1,8,1,21.8,8,1
22-Apr,22.3,8,1,19.7,8,1,22.1,8,2,20.6,8,1,22.7,8,1,20.5,8,1,22.5,8,1,22.6,8,1,23.2,8,1,23.3,8,1,23.9,8,1,23.3,8,1,23.4,8,2,23.7,8,1,23.2,8,1
22-May,22.9,8,1,20.5,8,1,22.9,8,2,21.8,8,1,23.5,8,1,21.6,8,1,23.5,8,1,24,8,1,24.3,8,1,24.6,8,1,25.2,8,1,24.8,8,1,24.8,8,2,25.2,8,1,24.6,8,1
22-Jun,26.6,8,1,24.5,8,1,26.7,8,2,25.1,8,1,27,8,1,25.1,8,1,27.3,8,1,27.4,8,1,27.9,8,1,28.3,8,1,29,8,1,28.9,8,1,28.5,8,2,29,8,1,28.5,8,1
22-Jul,29.2,8,1,26.7,8,1,29.3,8,2,27.4,8,1,29.4,8,1,27.4,8,1,29.9,8,1,28.8,8,1,29.8,8,1,29.6,8,1,30.3,8,1,29.7,8,1,29.6,8,2,29.8,8,1,29.6,5,1
22-Aug,29.8,8,1,27.2,5,1,29.6,8,2,27.8,5,1,29.9,8,1,27.8,8,1,29.9,8,1,29.3,8,1,29.5,8,1,29.9,8,1,30.5,8,1,29.6,8,1,29.2,8,2,29.9,8,1,29.7,8,1
22-Sep,28.4,8,1,26,8,1,28.1,8,2,26.2,8,1,28.3,8,1,26,8,1,28.1,8,1,28.5,8,1,27.4,8,1,27.3,5,1,27.9,8,1,27.2,5,1,27.6,8,2,27.6,5,1,27.4,8,1
22-Oct,25.9,8,1,23.4,8,1,25.5,8,2,24,8,1,26,8,1,23.9,8,1,26,8,1,26.2,8,1,26,8,1,26,8,1,26.3,8,1,25.5,5,1,25.7,8,2,26,8,1,25.4,8,1
22-Nov,23.6,8,1,21.2,8,1,23.3,8,2,21.8,8,1,23.6,8,1,21.9,8,1,23.6,8,1,24.5,8,1,24.2,8,1,24.4,8,1,24.8,8,1,24,8,1,24.1,8,2,24.7,8,1,24.2,8,1
22-Dec,18,5,1,15.9,8,1,17.9,8,2,16.7,8,1,18.6,8,1,16.8,5,1,18.5,8,1,20.3,8,1,19.7,8,1,19.9,5,1,20.1,8,1,19.6,8,1,19.9,8,2,20.3,8,1,19.7,8,1